['uid', 'nikename', 'sig']
['103951710859', '相敬如宾', '顺其自然']
['1785199282368957', '最火音乐榜', '👤Ta正在关注你\n🙏承蒙关注 不胜感激 陪伴一生\n🎼初听不识曲中意  再听已是曲中人\n🎬视频教学 幽盘V：tts3268\n❤️直播随缘']
['59299788105', 'Ms王', 'V:zhinuo807\n武汉加油❤️\n中国加油❤️\n世界加油❤️']
['101536033907', '芳姐', '珍惜未来，过好余生']
['70698735706', '可可正能量', '感谢抖音平台，谢谢关注我的每位宝宝。']
['101856786798', '我爱你升级了', '']
['3214615114163406', '丽姐正能量口才训练营', '售后👉  18790486646']
['94982246853', '红叶似火主号🐴', '有赞必回！拒绝私聊！']
['4050231678480776', '平安之路', '我是一生平安']
['2229439614685079', '觉得你好吃', '大家好！我是觉得你好吃：互相关注，才不会迷路！你点赞，我关注你！抖音进入美好的生活']
['92721177217', '四季阳光果园', '大自然的搬运工，诚实守信 诚信经营 诚信做人 诚实做事']
['2035933900188596', '好乐生活', '感谢大家关注，分享好物']
['106076785676', '美丽慧', '人生就像列车，每一个站台都会有人上下，不知道有谁会陪你到终点站']
['106071175173', '张姐烤肉拌饭🌸🌸', '谢谢诸位朋友的关注  认识大家很高兴 认识就是缘分  💐']
['3425678467544483', '美媳妇', '做力所能及的事情，传播正能量！']
['360248445503424', '爱雨蝶', '点个关注认识一下吧爱你们么么哒']
['3702762906857696', '小爱正能量', '谢谢您的关注和支持……\n愿世界充满爱！🙏']
['2616442270005806', '明星双喜哥', '每天给大家更新搞笑视频，感谢抖音平台\n想跟我一起pk直播  十V:   bige8697\n我爱抖音 我爱抖音 我爱抖音']
['75105716914', '芦永建', '一家人的搞笑生活，谢谢关注']
['1802808420743325', '修老板', '修仁行义，不忘初心。\nVX:xiu67898797']
['101389705035', '乞丐不冷', '尝尽人间悲欢 \n感受世间疾苦 \n乞丐不冷\n人心不冷\n世界不冷\n微❤️BMW71281']
['94426765829', '小妖怪', '爱生活……\n胜过爱自己！💗💗💗\n找我——加sz802380']
['104103348353', '猫叔说车', '猫叔说汽车，懂车更懂你，一起记录美好的汽车生活！\n合作V：wanhepinpai']
['65590091849389', '神探大妈', '每周一三五更新\n神探大妈 专注骗局揭秘\n商务合作请加v: INMCN008']
['1363000686550686', '长春公交卫士风采', '只争朝夕 不负韶华\n大家好 这里是长春市公安局公交分局官方抖音账号\n我们要做一个有温度的官抖 \n传递正能量 为百姓出行护航']
['1996304807626247', '陆雪来了', '🎊茫茫人海中，你我相遇是缘分❤️\n💕一家护肤品公司总裁💘\n💞十年专注护 肤，教你变美❣️\n🎁不定时直播，在线送🎁 宠粉的Yukiii_💓\n🛰️luxue202001❤️']
['94399491031', '柯南💫', '🎬：随心剪辑，请勿搬运\n🎬承蒙厚爱，热爱抖音感谢官方提供的良好平台\n🎬：点击右上角加入抖一下\n🎬点赞关注不迷路\n🎬本人精通pr，ae，au，ps的打开和关闭\n哔哩哔哩：-柯-南\n（💰）需要恰饭手机（电脑60帧）一对一教学v：xiaoguangguang2099（注明来意）\n🐧群：933177439\n御今文化']
['80632952083', '瑞丽市永多珠宝店', '点击头像即可观看直播\n中缅边境云南瑞丽\n抖音官方认证珠宝玉石直播间\n七天无理由退换\n一物一证/支持全国复检']
['87554007485', '吴麒麟570', '善良是世间最好的良药，我是570\n工作v：ekswhz008']
['1895203240679549', '睿睿', '我叫徐睿 踏实做人真诚分享\n用一款良心产品交一帮志同道合的朋友\n谢谢大家关注❤️']
['104931465678', '燃烧的橘', '每周三更\n提供创意或热爱蓝朋友的\n请+V：caidazhishu2020']
['65940993871', '胖哥和刘晨', '每天晚上8点直播！欢迎大家来选自己喜欢的宝贝！\nV❤️😀💫lc17706816177✨招🐷管理']
['68020030989', '临城交警', '遵守交通法规、远离危险驾驶']
['2071096073398484', 'Oh!北辰', '你的霸道总裁已上线\n商务vx：sp1025qy（注明来意）']
['2062305697208743', '张丹丹的育儿经', '6岁半女孩👸🏻1岁半男孩🤴🏻的妈妈\n畅销书《妈妈总是有办法》作者👩\u200d🏫\n工作V：15580011371\n交流V(一起讨论育儿心得)：danjiezhuli01\n\n今晚9点30 直播🙋🏻\u200d♀️欢迎妈妈们来聊聊育儿难题']
['58492842678', '紫金山视频', '遇见美好生活～']
['4428434791478388', '阿喵有点萌', '女生就要精致点哦！\n合作V：sixluluu']
['95703638962', '河南省鹤壁市消防救援支队', '']
['8207634380', '韩🔥小信呀', '感谢大家的每一个关注，每天更新视频，希望在抖音上能和大家成为朋友，谢谢大家的支持。']
['3192602224770763', '❤陈慧琳❤', '❤点关注   不迷路❤\n❤持续关注 陈慧琳❤']
['3003478332147171', '欧阳宇文', '守护，是对你最长情的告白！！']
['2875922652332911', '兔妹妹', '可接广告psl813151131备注来意']
['3016650542295271', '喂喂小蚊子', '命运没有捷径，只有努力💪']
['97607050609', '思龙', '']
['85051198803', '二通子', '抖音记录美好生活❕\n合作❤️：qt556868']
['1169498697633022', '小鹤轩', '感谢粉丝们的关注！\n感恩你们一路陪伴！']
['72368234646', '泽宝贝', '随遇而安']
['4410871295517627', '我是叶子', '感谢关注 备感荣幸🙏\n希望我的故事可以给你力量 \n星图合作♥️lxt19958888（工会勿扰）']
['104791850400', '小杨正能量881', '感谢大家的支持']
['25987440970535', '雨妈妈', '']
['3386111647548477', '刘静香', '感谢大家的支持与厚爱\n我是一个北漂的农村女孩，现在是一名职场正能量女性，我在找农村时玩的很好的玩伴，希望她能够看到！']
['817654556011453', '哩哩✨', '']
['62653625613', '小可爱😘', '昨天再好回不去🍷明天再难也要跨过去']
['99756097133', '南方小妮子', '微❤13358570221']
['2035884096752004', '杜小欣', '分享正能量，传递真善美，感谢你的关注！\n\n\n合作V➕SWHZ999999(注明来意)']
['56445155735', '猪友花', '手工爱好者']
['2049105347493048', '可可🌟', '']
['63086997789', '♡', '']
['4472465290444579', '张老师聊育儿', '母婴育儿视频自媒体❤️\n每天分享育儿经验❤️\n破解孩子成长难题❤️\n每天早上六点直播❤️']
['4094202658176220', '心想事成', '河南周口抖音让人开心，想开心，就上抖音']
['106213040632', '智能健康美', '成都自主创业18年\n喜欢运动，喜欢美的80后\n热爱高品质生活，热爱锻炼\n每天更新“健康美”知识和小妙招\n让我们一起身心更健康，生活更美好！\n每天晚上9:30直播，分享健康美知识！']
['3460917743861229', '壹秀健康生活', '深圳自主创业17年\n一直致力健康美领域多年\n每天更新“健康美”知识和妙招\n让我们一起让身心更健康，生活更美好!\n关注壹秀，健康长寿。']
['105044144897', '程xl', '谢谢你的关注']
['3188239276441940', '🍓绿皮皮', '2020/02/13入抖音，鹦鹉绿皮皮2岁']
['75075928083', '周老板的正事儿', '为了美好生活，周老板做事就是这么朴实无华且认真\n合作V：Z09877777Z']
['61880150434', '@张华🔥🔥🔥🔥🔥🔥', '@福建省，厦门市，佛教协会办事处']
['98241711566', '小💃叶👠子🍀', '谢谢你的关注、每日更新...……']
['64815663832', '春天', '']
['111508451466', '宜君腾达', '🙏🙏🙏感谢您的关注\n帮助更多的朋友解决白发烦恼\n远离化学剂，拒绝重金属\n交流：卫❤13910001280']
['940801537873613', '神奇清水画', '画笔里装的都是自来水']
['241541948383644', '南通莎坊纺织品', '❤️。诚信做人。认真做事。对得起相信我的每一位朋友。谢谢大家的支持和信任']
['55100147088', '品质音源', '和你一起分享如何玩抖音，每天中午12点至下午3点，每晚8点至11点直播。']
['307475494479432', '王小胖儿', '小黄袋售后❤️：13898167818 你若盛开 蝴蝶自来']
['102253973281', '@三妹💝', '感恩相遇❤️相逢是缘🌹感谢支持与陪伴🙏']
['97385305067', '众安保险', '✔众安保险由蚂蚁金服、中国平安、腾讯等知名企业创立。\n✔️关注我！健康、保险小知识一看就懂哦！\n✔️私信我！为您解答保险疑问！还可领赠险哦！']
['76488984747', '啊杜说健康', '⬆️⬆️⬆️\n谢谢你比我优秀还关注我\n关注我，每晚九点直播间见\n让你和你的家人，朋友更健康']
['101337224989', '从心开始(胡子哥)', '记住我的好，或者记住我就好。谢谢这么优秀的你关注我。\n合作v❤DF1580752']
['2343804100941724', '晨露（互铁粉）', '谢谢你们的关注，需要回赞的，评论区留言']
['1244257787066168', '小胖哥教做菜', '每天一道家常菜 ，喜欢的关注我']
['98212418168', '七七', '谢谢你这么漂亮还来关注我']
['94351745662', '刘梅香', '湖北十堰，本人是个地地道道农村妇女，性格开朗，喜欢交朋友:，感谢抖音这个平台让我认识了好多朋友，我要感谢大家对我的支持和鼓励，🙏🙏🙏🙏🙏🙏']
['102490429415', '果缘。', '']
['83425620288', '郭八百💃', '近我者富\n智慧顶端爱自己\n即便脚踩污泥\n也要充满阳光\n所有的隐忍和储能\n都有爆发的那一天\n而那一天一定会到来\n不但要经济独立\n还必须灵魂独立']
['61744849438', '滴滴影视推荐', '🤝感谢抖音大大\n🤝感谢你的关注\n🤝喜欢各种剪辑 每天分享精彩片段']
['4441645611753630', '王平平', '牙白的男生笑起来真的好阳光']
['1626889747968359', '张依娇', '❤️做我的粉丝❤️让我来宠你💋💋💋']
['1912740626047853', '金文(3号直播满月)', '做个俗人，一身正气😎\n超爱看私信评论😉😉\n晚4-6，8点直播，不见不散喔💕💕']
['100262636218', '杨杨姐', '']
['3214620669251294', '苏一', '💄欢迎来到我的日常\n🍒潮汕人，普通话有点烫嘴，请多包涵\n❤️做我粉丝，我来宠你😘']
['96334471678', '回不到的过去', '简单的快乐着……']
['3654379105430947', '林小仙', '💕《假如婚姻能重来》正在热播 隔天更新一集\n💕《林小仙逆袭记》第1-53个视频\n💕合作、供货厂家+V：448530171']
['364681730724731', '匠在路上', '谢谢你的关注！']
['153569426945876', '大妍妍', '没有丑女人，只有懒女人，化妆直播间\n学编辑视频❤y329306']
['68837964742', '甜心弟弟', '一个爱拍伤感段子的河南农村小伙，生活酸甜苦辣，我来用心演绎，感恩遇见🙏🙏🙏，粉丝群V：18736060487.']
['81487035059', '小甜心', '感谢平台，每天更新，谢谢关注！']
['70862921253', '芳芳', '感谢抖音这个平台，给我开心快乐。']
['2757171895352900', '河马先生', '如果巅峰站不住，那就再走来时路\n重新认识一下：我叫马仔哥，也是河马先生\n合作V:   heyuanzhang520\n每天晚上10点直播（在线宠粉）\n每天8点-10点更新\n一生最恨：无情无义之人']
['76193231863', '柔子「影视剪辑」', '🔥感谢抖音官方🌈\n🔥感谢你的关注🌈\n🔥日常推荐好影好剧🌈\n           谢谢大家']
['2528506654757339', '麗枫酒店', 'Good morrow 只为更好的出发\n\n加入我们：\nhr.lavande@platenogroup.com']
['101799588441', '小亮摩登（新郎囧事）', '三亿少女的梦想，你们得不到的男人\n商务（备注来意）v❤️：x_xv88']
['1754460863335943', '车界好侦探', '我是湘南，关注我，带你远离危险！！！']
['70305608579', '蒹葭\ue305\ue305', '爱旅游，不爱麻将']
['1226679926928612', '孟津融媒', '接受业务合作，广告等，请致电18538363605']
['2066692959634183', '夜色爱剪辑', '💗感谢抖音平台💗\n💗感谢关注点赞的朋友💗\n💗每天更新精彩影视剧情💗\n💗学习剪辑❤️ bbtdyw']
['2871563908299044', '时尚伊然', '杭州四季青真丝批发\n只做高档真丝\n品质保证\n厂家直营']
['106333686460', '河南都市频道', '搜索“河南都市爆料”小程序，添加并登陆后有惊喜！有难事，找都市！都市爆料，一曝到底！']
['96958294420', '影视分享', '感谢抖音提供这么好一个平台\n心若向阳，自带光芒\n影视分享，每天更新\n合作，交流❤️：ai993884234']
['267929665935580', '消费日报', '贴近民生，服务百姓\n投稿信箱：xfrb2019@163.com\n联系电话：010-87616766']
['87135524954', '浪子燕青🏎️', '身在江湖，人称浪子燕青\n浪子燕青的“浪”在何处？\n吃、喝、玩、乐、购……\n来来来，一起“浪”起来吧！']
['73148847012', '江西大视野', '唐华讲历史故事\nwx：1078920957']
['1362992512906887', '小康推剧TIM(影视剪辑)', '☀感谢每个关注\n☀追我不用追剧   剪辑👉:kxb1788\n☀带你三分追剧']
['1921576064525272', '吴为', '无为而治，逆流而上\n从心出发，势不可挡\nV:  wuwei5921\n直播时间:晚8:00-晚11:00白天随缘']
['60726633127', '泉州市珠凤茶店', '一笑而过']
['97094581220', '法制南阳', '最贴心的法律帮助，最新鲜的法制新闻，尽在南阳广播电视台《法制南阳》。欢迎提供新闻线索投稿邮箱：nytvfzb@163.com']
['96829693897', '胡萝卜(精彩片段)', '热爱抖音   热爱官方♥️\n承蒙不弃   一路前行♥️\n每天更新   留个关注♥️']
['63640670820', '重庆卫视', '']
['2911123664798675', '❤️赵薇', '感恩抖音平台❤️\n感恩大家一路支持❤️']
['110225728846', '兔小亚', '一个积极正能量的80后女孩\n喜欢就关注我吧！\n🔥感恩抖音平台🔥🔥\n商务合作💕:qq348120303(备注来意)\n                      （不加机构，只接星图）']
['59980072430', '疯子哥三鲜饺子馆', '放心肉店，饺子，米线，卤肉']
['3196987241144685', '米雅👑妹妹', '感恩每一位喜欢和关注的朋友们❤爱你们❤']
['58567010128', '恩泽小宝贝～', '宝宝2019.4.16日出生\n本号记录恩泽日常生活☺️\n承蒙大家厚爱，感谢关注']
['72172141929', '神仙小分队', '努力工作，用心生活\n愿你眼中总有光芒\n愿你活成你想要的模样\n合作VX：baobei2087222390（注明来意）\n粉丝群：xiaoxiehou1462（小分队助理心尖）']
['108649588977', '河南老土影视', '老土影视是一家集影视拍摄、制作、发行为一体的影视文化传媒公司。公司主要从事电影和影视节目制作及发行、录音制作、文艺创作与表演、影视器材、舞台灯光设备及音响设备租赁、影视制作策划、文化活动策划、礼仪策划、企业形象策划、品牌策划、艺术培训、影视广告片、企业宣传片、产品推介片、专题片、大型活动、大型晚会策划、高端婚礼拍摄及制作等业务。\n         竭诚欢迎各界朋友前来洽谈合作，共创辉煌!']
['95468462048', '美女丫^O^', '受伤的玫瑰【拒聊】']
['59159000718', '娱心  VS  小眼兄弟', '2020年2月7日开始玩抖音，上粉很快，很多技巧和心得，直播间跟大家一起分享。\n你错过了10年前的电商，请别再错过抖音短视频。\n每晚7点，我们直播间见😄']
['104890056012', '我是妍儿', '🌟她正在关注你哦，专业宠粉宠员工！\n🌟尽我所能传递正能量给大家！\n🌟每周二周五下午六点更新视频！\n🌟会不定时直播哦，欢迎关注！']
['11940423354', '采香', '']
['69861609298', '曦曦', '']
['3654371513743469', '袖子', '']
['86732350965', '舞与轮比轮滑体育', '上帝没有给我们翅膀，我们用轮子飞翔']
['66676636872', '开心😄果', '']
['95641840953', '匆公子', '🌟抖音唯一  破产总裁🌟\n3月27、28本周五、周六晚上八点直播\n百亿破产总裁的世间百态\n天道好轮回，百善孝为先\n匆行侠仗义，公子讲义气\n合作V：xbdsp88']
['105199712862', '空中慢步', '逼出来的坚强，忍出来的性格。']
['1349848711039515', '是嘉俊呀', '我是嘉俊 感谢你的关注✌️\n欢迎投稿 期待你的故事']
['60608666407', '程亦', '只接星图 接爱情\n星图：Wec997 注明来意通过']
['1684091030745965', '贵州山咔咔农村人(小号)', '人生没有十全十美，过好自已就行，不在乎别人怎么说']
['60411560491', '程小溪', 'VX:bohong20160801']
['3971066072670718', '小师姐', '即使身处黑暗和混乱也要不忘初心，保留最初的真善美']
['108463197188', '小绵羊.....', '记录日常生活感恩遇见，加yc8888219电话15859716410']
['1279457351697181', '开心人', '爱笑的女孩等着你来守护！每天晚上8点直播到12点。']
['2875927818943575', '小贝贝', '感谢抖音，感谢抖音平台。']
['4441635626165870', '老人机能量', '']
['1046344146098974', '张米蓝', '瞬间让你笑的流泪\n瞬间让你感动的哭\n感谢抖音绿色平台\n承蒙厚爱，何德何能\n感恩遇见，感恩缘份\n感谢你那么可爱还关注了我']
['3636829062957460', '迦硪丫，（13415660434）', '']
['1345391464820635', 'dyayoqf9kx2m', '']
['102533302701', 'Anna情感语录', '❤️感情提升  正能量分享，不忘初心，方得始终！\n刚好你需要，恰巧我专业。\n幸运号vx:18258575027']
['106533480080', '刘大公子⭐', '奋斗是为了成功吗？我觉得不是，奋斗是为了把心填满，把时间花在该花的地方。']
['1173916803664749', '东乞儿', '我是最帅小乞丐 体验人生百态❤️\n\n商务合作V:97975336 (注明来意)']
['88110281113', 'free', '日子平淡疲惫，庆幸还有简单的事情能让一天的心情闪着光。']
['975975653316192', '奔跑的月儿', '']
['3896282123337742', '宝妮', '真实分享自己觉得好用的东西❤️❤️\n不接广告，谢谢🙏\n2020 各位仙女越来越美']
['62326019786', 'Jack-田先生', '没有谁会知道明天的样子，也许是今天的复制，也许是昨天的粘贴，但是既然你选择了远方，就风雨兼程吧。']
['2167874854592823', '柳小姐💫', '\U0001f9da🏻\u200d♀️可盐可甜，随心记录册\n\U0001f9da🏻\u200d♀️167cm，47kg\n\U0001f9da🏻\u200d♀️每天早7点分享我的快乐\n\U0001f9da🏻\u200d♀️风格：自导自演，随心而绎\n\n❤️谢谢你们的喜欢和关注爱你们哟～\U0001f970\U0001f970']
['3478492220235229', '晓雨', '请不要老的太快，却明白的太迟。']
['74604163025', '丫头', '一个来自农村的工厂妹纸，喜欢我就点个关注➕吧！']
['101387589717', '浪人影剪', '🙏感谢关注🙏\n每天带你追好剧\n宣发合作v: nckuo888\n酷哦文化MCN旗下']
['98450281908', '邯郸八戒（全国户外）', '感谢关注支持我的朋友，我八戒户外搭讪美女，…抖音号也是微信号。']
['4072206788986327', '测试君🌙', '✨世人慌慌张张  不过是图碎银几两\n  ✨ 感谢关注！感谢抖音！\n  ✨留下你最深刻的印象！\n  ✨制作教学：v❤️990336272']
['1560940752414227', '外貌协会剪辑', '感谢官方大大\n谢谢你的爱心赞赞和关注\n定期更新你喜欢的影视作品']
['100371401976', '飞扬💋', '谢谢你们关注❤️感谢抖音爸爸给的平台👏变美:V:xia1148884275\n接👄橱窗、合作']
['93334751380', '美团', '吃喝玩乐行，美团样样行']
['92927752514', '雯雯小号', '你真心对待我。我加倍对你']
['109759152468', '一一爱漂亮', '分享美好生活，传播正能量']
['109087965564', '王封柔', '']
['206333403465127', '美好🌈进行到底', '❤️ 情感语录#热门推荐#\n喜欢点爱❤️喔']
['940796770267886', '温心阳光', '分享是一种快乐，土能生万物，地可发千祥😄']
['1327805300218744', '加油娜娜', '人生就像蒲公英，\n看似自由，却往往身不由己。\n生活没有如果，只有结果，\n我努力了，尽力了，\n相信美好一定会等我。\n谢谢你的关注！']
['800065171751644', '马钫哲-正能量', '传递正能量，做个好姑娘！']
['105595322644', '潮汕搞笑机车', '如果你喜欢机车或者正打算入手机车那就请关注我吧！']
['2809968979096140', '小Cc：', '13-16点 晚上21-00点直播\n我想要的很简单，时光还在，你还在～']
['61439516967', '琳哒【竹林堂美业】', '用心做好每一件事，创造更美好的生活\n感谢铁粉们的大力支持，㊗️大家天天开心，身体健康！']
['60491978245', '布依小秀饰品', '我没那么优秀，但是我拥有全世界最好的你，朋友们关注一下不迷路，感谢！每天晚上七半直播 ，播到十点半结束，欢迎朋友们进来玩，谢谢你们的支持，非常感谢！😘😘😘😘']
['342642859442350', '新生毛发', 'xszfgz']
['100371215118', '葫芦疯追草疯', '作品只要上热门，随时开播。']
['3632383372044461', '刘红❤️🔥❤️', '安徽合肥肥西']
['1006776024041502', '大雪正能量', '她在关注你哦！\n感谢抖音平台，感恩遇见！\n来自海岛上的80后宝妈，直播分享经验，短视频干货，传递正能量传递爱！']
['50425441438', '女人50一朵花', '']
['60320064285', '玲宝宝💋', '✨陪伴才是最长久的告白👑💄💋']
['108165295158', '公子哥', '爱家人，爱朋友，爱自己。']
['111210619647', '徒步闯天涯', '我是一名段子手，想玩短视频的朋友，请联系我，我们一起共同发展。广交天下友，共同向前行。']
['78994902251', '靓丽佳人', '婚姻不是一个女人成长的枷锁，而是一个女人活出自己人生的开始👍爱好练瑜伽，肚皮舞，游泳🏊🏻健身，能歌善舞，喜欢交正能量的朋友，喜欢抖音平台成长自己绽放自己魅力的人生！开心每一天！每天早上10：00开播！晚上8：00开播！']
['1626891206790127', '牙牙\U0001f9b7 正能量', '每天21:30开播\n带给你们全网最精彩娱乐pk\n硬生生被生活逼出了一身才华\n【谢谢你那么美还关注我】\n【不乱于心，不困于情】\n【不畏将来，不念过往】\n一个开封小伙🐷\n每天不懈奋斗着，\n感谢🙏支持\n不负重望砥砺前行，\n感谢老铁一直的守护，']
['87388350258', '彩云', '']
['2559273328195479', '保定白沟新城丹曹服装', '健康是1\n其它是0']
['110302208603', '君心 娱乐', '感谢关注 感谢陪伴.\n视频制作♥H2812791961']
['104770845272', '端艳工艺', '🔥🔥🔥福州木雕梦哥，拍摄不易。感恩支持。          \n探讨        👇👇作品请看朋友圈1.32760.75017']
['93167789308', '莲莲', '更多有趣视频尽在今日头条号（荷花池中央的荷花）']
['2528525475646734', '热心市民🇨🇳小赵', '帮助别人等于帮助自己，传递正能量靠大家！']
['98984153923', '飞飞（有赞必回）', '不开心也是一天，开心也是一天，还不如天天开开心心过每一天。']
['82469362971', '丹丹妹正能量', '人总是在遭遇一次重创之后，才会幡然醒悟，重新认识自己的坚强和坚忍']
['2862740853227911', '九月呀', '感恩遇见❤']
['465788861958647', '丽丽丫头', '以茶代酒！广交朋友！非茶勿扰13921233620']
['82455983543', '玉儿', '好歌分享.']
['1613702748190056', '何鲜菇海鲜汇', '家住海边，面朝大海！家有鱼船，不来海边也带你吃遍海鲜，想吃最好的海鲜联系我哦😊']
['795667726085293', '沙调小钦', '我就差你一个粉丝，微1967645924']
['101728992829', '珍惜😌', '']
['4322928105885198', '宁静情感正能量', '❤️情感问题别上火❤️直播间里找宁姐❤️\n❤️倾听别人的故事❤️反思自己的人生❤️']
['103591426336', '平凡', '感谢抖音平台给我们生活中的舞台，做生活中的演员，感谢关注我的友友们，谢谢你们的美赞和支持，玩抖音纯属娱乐，不喜划过%']
['110581734275', '薛大伟吖', '收徒，有兴趣的私信，或加私人❤\n一朝战火再次提，护我薛家这面旗（薛家军）\n网红肚包脑\n接单私人❤️937794076（注明来意）可星图\n公会勿扰']
['2343780261311262', '景瑜', '家中排行老二，大哥和三弟在关注里😉\n乐于助人，乐善好施，买它😜\n直播时间：晚6点，谢谢守候🌟\n商务✌️❣️➕ 6137657（注明来意）😎']
['100765706062', '没人能取代', '人生很美好，好心态最重要']
['22149674359', '韩哥哥（角色派）', '♂️一个人饰演多个角色，创作派！\n🎤10点-下午2点，晚8点-12点直播！\n❤宠爱我的每一个粉丝！👄👄😘！\n🛒橱窗里有为你精挑细选的宝贝！\n🈴作请私信！']
['734086704404211', '迷茫中', '《传播正能量》感谢朋友的支持！']
['75259528667', '小黑的六英镑', '每天演好一个情绪稳定的成年人\nvx：574381258']
['105220222869', '蜗牛正能量 007', '传递正能量']
['97982289987', '公园老头', '爱好象棋、健身，\n要学棋的私信，\n谢谢抖音的朋友们支持，']
['85072693707', '白云', '抖音传播正能量，感谢兄弟姐妹们的陪伴，您们的支持是我最大的动力！🙏🙏🙏']
['1772006965263443', '上头小甜甜', '商务：ecom2020']
['92813142891', '泪雪儿', '']
['88021351591', '萧朵儿', '赠人玫瑰，手留余香\n将爱和温暖传递下去\n笑起来最温暖的正能量小仙女\U0001f9da\u200d♀️\n上帝关上了一道门，一定会为你留一扇窗👼']
['1028759444270559', '老鳄好可爱8373', '感谢抖音平台能和大家相识🌷愿好人一生平安🙏']
['1728071320747805', '刘涛小跟班', '感谢关注，感谢有你']
['1521342802043854', 'Da❤️李若彤', '感谢关注 感恩有你❤️\n我是小龙女❤️\n每天为你更新❤️']
['1666514206590942', 'DA赵薇', '谢谢关注！']
['4072211806166109', 'Jack马云', '谢谢关注']
['800051052426048', '美美是我😀', '感谢抖音提供这么好的平台^_^\n❤️五年减脂辅助导师\n❤️指导七千人减脂成功\n❤️关注我 让你的减脂变得简单一点\n❤️领取福利:51337313']
['3909482510829927', '暖男', '感谢大家的支持！']
['106412236627', '新之蓝-电子商务服务.', '小乔一家在泰国带娃上学，在泰国南洋房产工作\n目前人在国内，每天晚上7:30至10:30直播']
['104272252649', '陈莉', '喜欢唱歌跳舞。\n直不喜欢拐弯抹角。容易得罪人。还有点爱臭美。']
['3689576854990708', '大喜子', '感谢关注，承蒙厚爱\n大喜子与您分享自己的故事，传播生活正能量']
['101250716346', 'mingming', '感谢支持，谢谢您的关注']
['106884732386', '英小主', '感谢抖音平台给的热门机会']
['99679104677', '曾都林海百货官方账号', '企业家']
['2013926725790327', 'ai苏有朋', '感谢你的关注支持']
['571365368275246', '抱喜味', '']
['50734126364', '逆转时光酒吧', '我是安然，一杯蝴蝶🦋逆转时光！']
['3654372576726628', '重新开始！   L  S   3月🐯', '感谢你的关注与❤！\n感恩友友们一路支持🌹🌹🌹❤❤❤']
['98286160486', '武加虎', '']
['64191514132', '马云你好阿', '感恩相遇🙏🙏🙏\n成功路上你并不是一个人']
['102540260418', '勇哥~🔥(缘)🔥', '有缘相识!感恩相遇❤\n谢谢大家的支持🙏🙏\n有人冒用我的头像名字\n让大家加微信，本人不\n主动加任何人微信!']
['734095248989988', '坡姐🔥', '开心就好']
['52890248239', '胜哥', '我们是一个来自农村的段子手，我和老婆相恋与网络，喜欢我们段子点击关注支持一下！']
['3208483045', '逗乐小赵', '你开心我快乐😂我的指责就是让你们开心😄谢谢朋友们一路不离不弃的支持🙏\n感谢关注🙏每晚七点开播']
['99669294270', '刘家公子', '我很坏，不知好歹，不乖，还不改，别拿我和别人做比较，太掉档次的事没必要']
['97274092523', '微餐', '邵阳五十平方小餐馆，炒菜的是我自已，分享小餐饮创业正能量，专注搞笑短视频，感谢抖音提供平台，谢谢关注，不喜勿喷！']
['96372737449886', '桃仔', '👤 TA正在关注你\n别走～你喜欢的样子我都有\n承蒙厚爱 感谢关注✨']
['99526432114', '丽', '南通']
['4252549762264093', '筱筱雨沐', '感谢抖音平台正能量\n感谢亲们点赞和关注']
['104673644132', '永真宝宝', '这个号是记录我们夫妇的生活动态 \n希望我们的创作，能给大家带来快乐和正能量']
['1041984368950510', '香梨熟了', '香梨客服vx:  XLS2626']
['58856470560', '💓💓嘉嘉.💄', '生活不会辜负每一个努力的人💪.                              感谢每一位宝宝的关注和支持.感恩相遇🌹 \n\n\n每天晚上🌃不定时直播😄']
['94456536758', '时光杂货店', '时光杂货店\n几个寥寥的故事，倾诉着生活的点滴\n每个货品，皆是时光\n欢迎投稿，投稿请私信\n承蒙关注']
['237096808757444', '.海阔天空，', '感谢大家支持\n喜欢的可以点个小加号']
['101521628969', '惜梦', '感谢官方，感谢平台，感谢大家关注与支持！']
['72764153992', '孔好帅', '✨伊春众星文化传媒\n\n💫期待你的加入\n \n✨联系方式：shechi9494']
['1156276847645662', '算什么辰杰', '- 我会一直爱你.  💗\n.\n- 工作日8点，直播间等你 💥\n.\n- 合作V：VIPHZ8888\n.\n- 个人V :  chenj0999']
['78795603479', '二凤（家庭搞笑制作人）', '我是家庭搞笑制作人；二凤  Vx: 332231475\n虽然我的表演还有待提高，但是我会努力学习坚持下去，希望每天给大家带来不同的快乐!每天不定时直播感谢关注支持']
['3087017545045694', '二叔说情感', '爱自己，爱生活....']
['108838324823', '华华', '感谢你这么好看还关注我❤']
['3619220519399219', '锋兄', '点亮自己，实现价值，照亮别人！']
['102157045070', '黄美丽', '我是一个美妆博主\n每天下午1点半开播，欢迎大家来我直播间！']
['94251627631', '🐾不长大不孤单🐾', '越努力越幸运！\n感谢支持！']
['99310012270', '奕嘉 点赞必回', '简单的幸福 (⑉°з°)-♡  点赞必回😀']
['3122225685740383', '寻知己🎋16564928370🌿', '喜欢交朋友聊天\n俺的💟165 6492 8370']
['108910333409', '楠楠正义之路', '感谢抖音官方，持续传播正能量']
['97609218015', '潘娜律师', '👆潘律师推荐的好书 腹有诗书气自华👆\n🇨🇳书中自有黄金屋🏠书中自有颜如玉💃\n🇨🇳助理微信：panna112233 💐🍄🐚\n🇨🇳法律咨询 文书代写 案件委托👏🌸\n🇨🇳每天17:00-19:00公益直播 🎉🎊\n🇨🇳关注潘律师 感谢支持\U0001f970\U0001f973']
['4283291852871116', '六安市裕安区新时代服饰经营部', '客服：13085092025专注品质女装👍']
['101171510232', '《云南虎牙妹》', '你对我的态度，决定了我对你的温度。承蒙大家厚爱，每晚21:30直播。']
['4476824556930408', '袖珍一家', '']
['98724636603', '正能量 333', '感谢大家对我的支持谢谢大家']
['105546555327', '微笑', '拒绝私聊，感谢遇见，承蒙厚爱和关注➕抖音只是对口型演绎，每晚七点半左右开播']
['817633271758412', '清音幽歌', '传递正能量❤️\n让世界充满爱❤️\n可以给我留下小爱心❤️吗']
['80779335880', '💞💞佳佳💞💞', '💕缘始于遇见，情长于陪伴💕\n每天晚上7:30准时开直播锁定佳佳直播间，等你呦💞\n白天会不定时的开\n感谢家人们一路上的支持和陪伴\U0001f970\U0001f970\U0001f970\U0001f970\U0001f970\U0001f970\U0001f970']
['971615295780183', '夏兰亭—漫漫', '']
['55023392014', '冬天里的白玫瑰', '晋中']
['4085431449696747', '全村的希望', '往事清零，爱恨随意\n承蒙厚爱 多谢关照\n学习➕q1175919746']
['110571182148', '月月红', '谢谢你们的关注']
['1596102216779054', '小刘琉', '感谢抖音平台，感谢所有遇见，\n感恩陪伴，真心交友，希望遇有缘人！\n爱运动，爱拍抖音！爱跳舞！爱唱歌！\n生活虽累但还得继续，每天更新作品！\n新人求守护大哥，特-别-宠-粉！\n早上7:30开播，晚上21:20开播']
['201922047650408', '琪琪努力', '想要同款瘦身衣+V👉69094669👈\n感谢官方支持，谢谢大家支持']
['83765859209', '太阳国际🌞怡达', '心有多大，舞台就有多大，敢想才会拥有❗️❗️活成女人该有的样子，售后👉13811574305']
['60645431954', '河北淑珍皮草', '⬇️⬇️找我⬇️联系方式，在评论区主动联系私信你们的都是骗子，认准作者，多开视频确认，']
['110741905720', '柳江美', '若不能自暖自愈，自强自立，怎能迎风抗雨， 活成自己期待的样子？']
['103436085640', '红儿💋️31号三岁半生日', '相遇是缘，我惜。回忆美好，我藏。真希望这份情，天长地久']
['94943594152', '巅峰摩托车经营部', '⬇️⬇️⬇️ 感谢你的关注  你刚好需要 我刚好专业\n ❤️：18360661248']
['4441641977125646', '刘涛（涛涛）', '❤️谢谢你的关注❤️']
['103430022736', '力文哥聊创业', '感谢抖音平台给我分享正能量小视频\n礼当家集团匠心传媒董事长：康飞翔\n从事大健康产业和团队训练\n永远保持谦卑感恩的心\n记录生活美好点滴\n共同创造和谐家园']
['97086488868', '晓智', '人生是一场奇妙的旅行']
['85815100194', '星空', '']
['2049082852127012', '牛乃棠', '8年专注护 肤 品研发\U0001f9d0\n\n超宠粉的戏精女总裁 每晚20：00点开播送🎁\n上帝欠你的颜值让我来还你💪']
['993580214911863', '@❤️杨烁', '✅演员']
['325070215196926', '月儿弯弯512', '感谢抖音平台']
['63614737540', '小艳艳_🌸', '来自民间音乐 \n不喜勿喷  \n谢谢支持我的朋友们']
['3175005786487332', '小宁儿💋', '谢谢您的支持']
['3087037009243069', '韵妮', '']
['1978733581052088', '花界🌸四公子🌾', '感谢你长的这么好看，还关注了我！\n百善孝为先！支持正能量为爱而生！！！']
['98493346657', '韩笑', '善良的人运气都不会太差的！']
['3821541714821895', '永久的心❤', '']
['4182152111470558', '陶细妹598', '']
['110503065516', '杨娃大理想', '让每个人都过上幸福的生活']
['102268346329', '一颗跳动的爱心', '感谢支持\n愿爱的力量\n永远在我们身边❤️']
['1908359130253992', '花样年华', '']
['105552239249', '夏日柠檬', '新手初来乍到，请多关照，尽最大努力做好每个视频，感谢你的关注🌹🌹']
['72392417563', '单亲妈妈：怀松', '感谢朋友们的关注！这辈子不求有多少钱，只求有个在乎自己的人，知冷知热，因为……有人疼比什么都重要，有人关心比什么都温暖']
['2018325911580013', 'yF7406081h', '']
['3474071037159911', '燕子', '做最好的自己，温暖的事情一定会发生']
['4481258584018691', '许哥养鸡', '感谢抖音绿色平台']
['72833467641', 'w', '']
['4476827069057128', '@哥是爷们', '感谢关注\n支持抖音传递正能量']
['2488888117705780', '来了', '']
['61153154254', '人间正能量', '感谢每一位家人们，支持正能量双击加关注😘😘']
['1169496893569112', '福源滚滚来', '感谢大家关注我，祝大家2020身体健康，财源滚滚！']
['2581277760296519', '感谢你点❤', '需要手里同款茶，可以私信我。。。\n需要手里同款茶，可以私信我。。。\n晚上1']
['52677606327', '李瑶瑶', '']
['2035921198530428', 'P校长', '']
['219497556878528', '九哥故事会', '每晚👉19:30👈相约直播间\n🙏感谢您的关注与支持🙏\n❤传递正能量，愿世间美好与你环环相扣❤']
['54482926410', '三里同盟-子贤', '三里同盟-子贤😄感谢大家的关注\n我们是一群爱生活、爱唱歌、传播正能量的团队\n如果你也喜欢唱歌、欢迎加入👏欢迎投稿\n感谢大家的支持🙏']
['1785226977879294', '搞笑一家人', '感谢大家的关注与支持\n在抖音用真诚的心交贵友\n风雨中作事，阳光下做人\n持续正能力，给大家带来欢笑']
['1112350260991879', '锦鱼和福娃', '分享生活好物、分享生活趣事\n努力将好物和快乐带给大家🎉🎉\n粉丝💓交流V：DDHXX2019\n粉丝🐧交流扣：1789302001']
['98432898398', '三里同盟-赵飞', '我们是一群爱唱歌，爱生活传播正能量的团队\n如果你也喜欢唱歌🎤欢迎加入👏👏👏欢迎投稿\n三里同盟-赵飞感谢🙏大家支持']
['66483902949', '简笔动画', '想画什么？欢迎留言告诉我。']
['72476166467', '@佳佳', '做一个简单而快乐的人\n\n幼儿园地址：长治市康庄园区常金村\n\n             《心连心幼儿园》报名电话：15803551781']
['1895189062361139', '穿搭助手', '所有衣衣都在这里哦👆\n关注我，和漫画小姐姐一样美腻～']
['74914212044', '涵哥很酷oO', '感谢爱心和关注\n新浪围脖：涵哥很酷oO\n83斤的秘密v：hange147852\n合作请私信']
['72230546513', '李昀卓服装', '做个心里有光的人']
['104459092492', '杨哥', '94后宝爸多多关照，喜欢我们一家的记得双击加关注谢谢么么哒，感谢官方这么好的平台']
['2440567389170348', '情感信笺', '你的情绪信笺📷📸\n欢迎投稿说出你的故事']
['4138216363145275', '摄影师萌叔', '杭州街拍摄影师\n服装合作，达人推广，品牌推广\n商务V：jpdk16181618（注明来意）']
['108106520940', '贝多分', '♥感谢官方\n♥感谢关注']
['99644717267', '银基广场 KEKEKE 女装', '❤️：13598011169']
['3196969426354452', '竹木人家', '有木有竹有村庄\n一位来自农村的工匠']
['1974354337081171', '柠檬tea', '可甜可盐的小阿姨一枚\n感谢你这么好看还关注我😘😘😘\n每晚九点半直播～～']
['360259124733975', '逗家人', '想要开❤️，就关注逗家人！每天为您持续更新中……']
['60537212532', '彤彤🐰', '星图合作➕boge017  👗🍩➕boge022\n每晚8点或九点直播\n\U0001f9e3：乖乖哩个彤']
['1015545801217885', '榴莲兄弟', '🍭治愈心灵  遇见美好 传递正能量\n📢关注我！希望你能因流连（榴莲）而忘返\nV💗：Graphene-Info (备注来意)\nV博：榴莲兄弟Durian\n商务：18817596795（备注品牌）']
['3034268850470750', '关晓彤@助理', '爱生活，爱彤彤\n传递正能量\n分享彤彤的美好\n感谢关注 笔芯笔芯']
['101941104250', '人生 🌷思维', '']
['60329089268', '普兰店区合伙人电子产品', '视频制作 诚信做人 诚实做事vx：13591187888']
['676906699603550', '我行我素', '只有当你比别人更优秀\n    你才有选择的权利']
['73715063881', '（2010）快乐哥', '美好的一天是新的开始']
['1978724340206381', '天天音乐', '❤承蒙关注 不胜感激\n    ❤音乐可以愉悦心情\n        ❤每日更新热歌推荐\n             ❤我们一起聆听']
['448213325451340', '格恩斯百货', '感谢你的关注🌹']
['67956870238', '浩瀚音乐', '❤️感谢你的关心和支持！每天更新好听的🎶，感谢抖音平台支持！']
['835249630875264', '张嘉译♥', '感谢关注\n一起支持男神张嘉译🌺']
['1877573833078059', '传递正能量', '传递正能量 \n关注我每天更新正能量\n让我们每天活力四射']
['3456485631732830', '友鹏粉丝团', '']
['68012986213', '刘恺威粉丝团❤️', '分享刘恺威正能量\n感谢关注🙏']
['1151906555367132', '好友小丽  已经关注了你', '已经关注了你']
['3843511612086463', 'Mr.小包总', '']
['764878377204008', '钟老说事', '感谢🙏关注']
['88382707485', '瑞金市融媒体中心', '一路走来感谢大家对瑞瑞的支持！\n在二十万粉丝（3月1日）之前留了详细收货信息的已上报！我们将在十一月统一安排发货！（赣南脐橙开园时间为每年十一月中旬）\n再次感谢大家对瑞瑞的支持！手动比心！']
['2348172243379840', '向阳花178', '']
['113965025991885', 'Da•靳东', '']
['2981495100681886', '阿梅，', '谢谢大家关注🙏🙏']
['3287429681', '每日甘肃', '一网罗天下 每日知甘肃🌍']
['110327808516', '松广传媒', '为您解析非常时期的防疫重点！\n为您带来更多的健康养生知识！\n为您分享中医养生的博大精深！']
['109393520272', '飘云', '能够帮助到更多的人，是我的快乐。']
['58127311335', '冰清一洁', '感谢抖音绿色的平台\n感谢有你们的一路陪伴']
['12839640105020', '风雨同舟，', '喜欢大秧歌']
['2897906220666909', '马总名言', '🍀感谢支持我的朋友！\n🍀感谢官方！']
['1626886265635124', '正能量思维', '短视频教学\n短视频孵化基地\n加V❤️askccz\n🍀感谢抖音视频台\n帮助更多有梦想，想改变的普通人\n让我们在平凡中创造不平凡']
['1697249314473869', '故事与她', '']
['1820409908702608', '三农果子哥001', '本本分分做人 踏踏实实做事\n给大家送来最新鲜好吃的果\n需要的也可联系\nv：1447662885']
['96545634270', '保得利科普', '每天科普有用知识，关注我！']
['1363009821493246', '方园全球旅游咨询', '生活不只有眼前的苟且，还有诗和远方\n跟着方园去看世界吧\n接受全球旅游咨询\n接受旅游线路制定\n接受私人旅游定制\n声音来自前川台主播曹琬\nv，18328082067']
['3702750338623950', '品质优良', '好好珍惜身边的人，\n\n因为这辈子走完，\n\n下辈子再难相见！']
['769303438689725', '三宝妈', '']
['107657493228', '小戴说事', '追求真善美\n愿做一个播种幸福的人\n不定期分享人生感悟🤔🤔🤔\n关注我，帮你解忧，助你成长！']
['1556525601522908', '崔素心', '绘事后素 无远弗届']
['3861089998090127', '情感淇淇', '每天更新情感文章，传递正能量！\n喜欢我的作品可以留个关注在走！']
['15072037686', '名欢', '随缘而遇，随行而安']
['1930374614358124', '柠檬@喵儿', '生命在前行中顿悟，岁月在积累中生香']
['96716432883', '金奥互联网', '关注我让孩子、女性远离危险，金蓓贝小侦探']
['101237556770', '🌾贵州🌾小红牙🌾', '感谢抖音这个平台，让我记录我的生活一部分。\n认识这么多朋友挺高兴，希望我们别擦肩而过。']
['1490547957567054', '向日葵的微笑😁', '无论何时，都要面带笑容\n传递正能量']
['1820402431306359', '甜甜圈🐷', '感谢支持']
['3478509494217987', '艾特总裁', '披星戴月奔向理想和你！\n谢谢你的关注🔥']
['100449337009', '忍明', '60后，只为开心快乐每一天，谢谢大家支持与关注，有赞必回，拒聊']
['1947964535734654', '婆婆也是妈', '分享我和我儿媳妇的欢笑与感动\n儿媳妇也是女儿❤\n感谢关注\n商业合作❤️：16294053（备注品牌，只接星图）\n同款耳饰服装❤：1147785218']
['101160110644', '巨尔曼皮鞋厂', '开心每一天']
['3830313699522772', '横店小跟班群演', '爱生活爱官方，谢谢大家！梦想能成为演员，加油！有志同道合的小伙伴🐎']
['272275115873540', '热心市民🇨🇳小燕子', '传递正能量靠大家，感谢各位的支持，感谢各位的关注！']
['289879086606440', '二丫', '']
['1877592034775355', '随缘，，', '']
['1873186418866628', '李二哥（90）小号', '感谢官方给予这个正能量及人人平等的平台，见者点亮红心接好运，关注者年年有余，']
['4388870789014846', '南山论', '👤感谢关注🙏\n❤️感谢平台\n福运日多多']
['98293827454', '大夫人', '山东拖拉机技术竞技第一名\n\n    被评为最稳老司机\n\n   你还不准备上车吗']
['2809951966214508', '常乐：有赞必回。', '常乐：62岁，贵州道真人。']
['2933131216169532', '桃子老师吖💅', '生活需要仪式感！\n每天都有直播，爱你们哟！\n💅']
['102998621339', '李姐姐', '真诚对代每个朋友']
['1644484766214221', '太阳花正能量', '']
['1591713909445864', 'dymhmt2yxa1r', '']
['4164571879715868', '明艳美妆', '查询快递，使用方法，售后问题请加1号客服💁👇👇\n💁1号客服售后V：17280533286\n感谢这么优秀的你还来关注我，一起变美吧！']
['68713600843', '明日成', '拥有正能量的人，才能战无不胜！mingricheng168（v💕）']
['106873504626', '合肥新闻广播', '立足江淮 放眼世界 \n用新闻人的情怀 求真知 问真相 \n我们与你同在！']
['87797695344', '中国青年报', '奋斗的青春最幸福']
['593374430103652', '宁宁啊喵', '感恩']
['64546533276', '浙有正能量', '为中国🇨🇳正能量发声！ \n投稿邮箱：8771686@qq.com']
['94217880677', '叶子', '叶哥风范。《抖音正能量》']
['101133231555', '龙岩电视台', '福建省龙岩市:古田会议彪炳史册！世遗土楼享誉全球！\n做一个有温度 有趣 有料的官方\n合作欢迎邮箱1323761418@qq.com']
['101281729946', '浪子回头', '我已退出江湖。但江湖总有我的传说。                                   感谢大家的关注和爰心，希望和你们友谊长存。']
['98004960860', '最美长宁', '愿你与这世界温暖相拥']
['109585007909592', '遇见水果遇见你', '']
['2312976605389469', '爆笑好物', '不定期更新新鲜好吃的水果😋']
['77401702051', '北青网', '抖一抖，就知北青有没有~\n北青网官方网址：www.ynet.com']
['78789537290', '年年旺家纺', '谢谢你的关注，需要床品的打官方电话。🖕🖕🖕']
['99091699216', '💋雁🌹💃', '🌹🌹感谢您的关注❤❤']
['3003498241465771', '辰泽是也', '只对你温柔的霸道总裁～\n工作日每天6点准时发布视频\n直播晚8点30到11点\n合作vx: kcds1111（注明来意）']
['52736122847', '院长大人💦（在路上）', '❤️成都野·新文化传媒有限公司董事长\n❤️四川垦诺集团贸易有限公司股东\n❤️刘野：黑龙江哈尔滨人定居成都11年\n❤️短视频培训帮你解决流量变现问题\n❤️好人一生平安\n❤️愿善良的你被这个世界温柔以待\n❤️私人❤️：qinsiyi741251']
['131548764713166', '宇宙正能量', '正能量就像浩瀚宇宙般无穷无尽！']
['110006775975', '刘爱群', '短视频探索研究实操分享.\n2020.小白也能变大伽.\n不要犹豫.别再观望\n关注我每天的作品必有收获\n感谢抖音平台传递正能量']
['23013599377', '平淡一生', '传递正能量💖分享好歌🌹为你送上祝福🌹谢谢你的关注和支持🙏🙏【感谢抖音平台】【感谢官方】']
['96280331221', '可乐能量', '加油！']
['2242624519416238', '刘恺威粉丝团', '']
['3878697787986510', '张柏芝小跟班', '✨✨我是张柏芝助理感谢各位关注✨✨\n✨✨每天更新张柏芝最新动态✨✨']
['1631329633470204', '允儿姐姐💋', '不忘初心，方得始终！传递正能量']
['1983116079546264', '俱乐部无人机航拍直播', '客服vx👉ABC3688521']
['50759084997', '段二宝大骨头汤烧烤', '爱好唱歌，戏曲']
['1534567793035147', '红雨石', '']
['78887570076', '婷子', '每一件事情坚持下来！\n整个人生会变得很美好！加油💪💪\n真心感恩每一位关注的你❤❤❤']
['3372950498842221', '存互商行百货店', '谢谢你关注']
['2598861775044718', '贵州兴仁市', '贵州兴仁市']
['395439278931037', '华❤️仔 爱好者', '谢谢你们的关注➕❤️\n\n\n感谢提供那么好的平台\n大爱抖音❤️💓']
['110171677824', '艳艳姐正能量', '快乐，做最好的自己']
['4490054355390484', '花花正能量', '']
['101898150275', '快乐的湘姐', '我的生活很简单，怎么开心，怎么过，健康最重要。']
['518583358857424', '一切重来', '']
['102370319684', '陈三妹', '']
['70932556671', '梁修枝', '村队长，谢谢大家支持🙏🙏🌷🌷']
['2123888995348364', '一心(聊育儿)', '育儿新媒体\n育儿知识分享\n多年致力于家庭\n教育的研究，分享，传播\n育儿知识交流：yating333888']
['3715987770183540', '青春依旧', '拒私聊']
['100278208007', '农村大锅菜', '支持抖音传递正能量\n感谢抖音提供绿色平台']
['101473178828', '下定决心忘掉你', '']
['92522519075', '故 事（❤️电影剪辑❤️）', '🔥感恩相遇\n🔥关注我不迷路\n🔥带你一路上高速\n🔥每日更新精彩视频\n🔥合作/交流学习ｖ：qc921227']
['81002397162', '快乐一生', '']
['75819181414', '相忘易相守', '']
['61168505339047', '富贵竹小妹', '向着美好生活出发']
['72803856435', '导演顽石【与世无争】', '看完我的作品，你会发现很多情感原创都来自这里！\n\nV❤：  JYSL777  【星图   不闲聊】']
['98255474983', '美衣美人', '大家好，我是丫丫。有经营实体欧日韩女装13年经验，你的美丽城从关注我开始。。。\n从你关注我的这一刻开始，我帮助你生活变得更美好，你的美丽让我来打造。\n感谢关注！']
['108045237108', '风雨同舟💪💪💪🔥', '尊重别人就是尊重自己👍']
['94896315211', '央视网快看', '央视网原创短视频，在这里，看见世界。']
['110723338344', '没完没了', '']
['100834575781', '温柔岁月（46）岁', '方向不对，越努力越窘迫。命运让我，不得不努力，坚强。']
['2739589975911773', '扑克牌魔术', '谢谢大家的关注！']
['60470159345', '💋小丽儿💋🤗', '本人是个新主播请大家多多支持…本人喜欢唱歌跳舞💃每天早上六点到十二点…欢迎家人们支持…']
['96051177633', '平安是福', '']
['98881956959', '你好', '']
['65286929603', '赢在思维《929》', '感谢支持绿色平台，每天更新好玩的小游戏，感谢每一个关注我的朋友！专注抖音']
['4094180448025725', '依依游戏', '想玩游戏记得关注我哦🍭🍭']
['71713149414', '张道长', '商务合作：星图联系\n每晚 8⃣️ 点准时直播                                                           通知群734770687']
['747261424059966', '二子姐美食', '每天分享一道家常美食 感谢关注和支持！']
['1961119992783724', '鳳兒♥小灰灰', '單身😘😘\n真铖佼友\nWX :   bblele369']
['59419304516', '虎牙妹～守护正义', '分享生活中的点滴，从这里影响世界。\nV❤️：JKing13579（注明来意）']
['4424034022860779', '用户8827421856253', '']
['97727978102', '衡阳(爱笑的小眼睛)', '气质比年龄重要，笑容比外貌重要，快乐比一切都重要。']
['109249519890', '老秦鸭~', '']
['1015573401582679', '汇品包包', '最好看的包包带给大家']
['162377124288684', '爰一个人好苦好累', '你忘掉了我，我也会放弃你，永运不再见，看错了要慬得放手，走错路了一定回头，']
['77202108667', '电影剪刀手艾格', '🎬十八线剪辑师🎬\n\U0001f91f坚持原创\U0001f91f\n🙅\u200d♀️拒绝搬运🙅\u200d♀️']
['80926273776', '兰婷', '竟然来了你就是我的人啦💞\n  \nvx:  👗 17360272854\n同款衣服可以加vx💞或进橱窗\n\n目前每晚9：00直播']
['82527820527', '一语诺言值千金', '认真生活❤️']
['100197092383', '大同消防', '美丽大同优质政务抖音号\n中国大同，看见世界的大不同！']
['3913856252384126', '游戏小猪', '💚一起玩小游戏\n👑关注我\n👭我们就是好朋友啦']
['93230493639', '雪宝最可爱', '我们是来自四川成都的幸福家庭\n有一个可爱的女儿（胖兮2岁）\n二胎预产期4.19\n还有一个古灵精怪的妹妹\n通过抖音分享生活，热门看到的老铁双击➕关注\n下次不迷路哦']
['93670333223', '暗部1983', '不懂特效的暗部不是好忍者😻\n合作请邮: senwill@senwill.ⅽn']
['106628320299', '邓有骏在路上', '设计师男装品牌PINLI创始人\n  创业12年的时尚中年大叔']
['2651628792720003', '美猴王🔥龙哥', '支持🔥火山🌋小视频，\n喜欢的老铁记得送些🔥火苗🔥双击➕关注、谢谢你\n猴哥祝愿大家、在新的一年心想事成、万事大吉❤️']
['188761150329003', '小苏太古', '感谢你一路陪伴，愿你我此生共暖']
['57921024042', '可爱的金刚嫂', '承蒙厚爱❤️']
['111069242637', '原来是悠悠', '第一次见面还请多多关照，谢谢❤️\n特效V：yyx13170897279\n每晚9点直播']
['2013904547623715', '爱的创业正能量', '努力拼搏不负韶华/']
['69055533148', '冰冰', '']
['694500034349501', '光线影视剪辑', '✨感谢关注 感谢支持！\n✨感谢抖音 感谢官方！\n✨承蒙厚爱 持续更新！\n✨一首歌曲 一个故事！\n✨每天定时 更新视频！\n✨合作/剪辑教学😊❤️GX2020226']
['4129421956764728', '茂名大白菜', '合作Vx\ncai1354331']
['92441558305', '蚂小样儿', '【关注了我，我就是你的人了喔😳】\n【用心认真创作，承蒙各位厚爱❤️】']
['108458640689', '梅姐水精灵', '爱手工，爱生活\nVX  👉  15936434018']
['81373361998', '金刚', '我是个剪辑魔术特效师\n感谢男神女神们关注\n个人私 V 122240560']
['71611286794', '林哥「玩特效」🔥🔥🔥', '🙋\u200d♂️感谢抖音官方！\n🙋\u200d♂️感谢大家的支持！\n🎬用心做好每一个视频！\n📲手机摄影🎥ps剪辑AE特效']
['104865122506', '山村，小木匠', '用木头雕刻美好，以双手传递亲情\n个人v：Wsy520255']
['751695666097304', '浅笑心柔❤️', '承蒙厚爱！\n感谢关注！\n持续更新！\n笔❤️']
['2699997534761096', '龙庆💎', '新人求支持❤️']
['1877613523767195', '晨晨正能量～', '传递更多社会正能量～']
['105038547304', '善丽女装', '善莉女装（穿衣搭配时尚不贵）\n v15385947065']
['909998852944397', '大贝贝', '等风也等你 sz16986']
['4270125606502541', '艳姐姐', '❤️V：18239507975\n谢谢大家的关注，感谢🙏官方支持\n每晚八点半直播，教护肤，化妆']
['4111822128416428', '海院长', '感谢抖音平台能和大家相识\n本人👉大姐姐\n素人专业孵化，网红合作对接\n倾后品牌股东，\n👉 caifuhao168']
['1525763724817272', '繁华之上女鞋家', '一个正能量  |  短视频带货团队\n有想当  |  主播  |\n有想学  |  短视频  |\n有想做  |  直播带货  |\n不要忘记我噢！👇V❤️\n星图❤️：wurenkeke']
['1908347255141757', '太阳花🌞', '谢谢关注']
['107779275182', '语过添晴', '再苦再累也要笑一笑🌹🌹']
['3179428931704152', '翔哥正能量～', '每天进步一点点～']
['571355392910286', '小小小小鱼', '平平无奇爱化妆的小🐟\n谢谢你关注我\n⬇️\n微：zhen364451535']
['1292634413864599', '一只小眼睛', '谢谢你的关注   你还这么好看']
['19334801536', '福州盛哥木雕', '盛哥工艺🔥根雕🔥手艺人\n工匠的精神价值在于精中求精\n木雕作品，15.7 0595，377.2']
['60894669988', '超越自我', '用抖音记录美好生活！']
['2700017788524884', '小桃88', '']
['94911854969', '_生平安', '']
['2915560345315832', '开心时光', '传递正能量']
['48011072771676', '培培—-正能量', '🎀感谢你的关注\n🎀感谢支持，我是一个宝妈，喜欢护肤，喜🎀欢化妆，喜欢五湖四海的你，\n🎀售后13135419136']
['1750041835078784', '夏天❤️', '']
['43596770450366', '乐糖糖百货', '']
['712085789487166', '农村小武', '留个双击关注再走呗']
['92726334887', '萌萌哒小月儿', '接儿童类商务合作先私聊\n喜欢宝贝穿搭的进主页橱窗\n喜欢宝贝穿搭的进主页橱窗\n也可＋y511198886']
['111007900255', '小宇宇', '奶奶银平62岁爱唱歌，锻炼身体，开心快乐。谢谢你的关注']
['3733567944538840', '副导浪子王哥', '每天更新拍戏日常花絮和明星动态']
['3667586242064968', '二妞通讯', '感谢生活\n感谢有你\n我在关注你哦']
['101938069613', '新', '']
['86539030095', '中国之声', '']
['82442051091', '辰旭外婆', '做好身边的事，珍惜身边的人']
['3997446515201868', '橘子', '感谢您发财金手关注']
['1428983135878043', '东红326', '谢谢关注，关注我的必定发大财']
['4164548901220532', '辉哥语录668', '感谢大家关心与支持，我会用心做好每一个励志、情感视频，影视剪辑，感谢抖音平台，感谢官方，给我大大热门，喜欢我的双击加关注哦。我的爱好，唱歌🎤']
['100611271208', '随心所欲', '想拥有更好的，就努力变成最好的']
['901238726343795', '易定聪', '恩施市建始县茅田乡老易']
['110930971482', '快乐人生', '做好自己，与世无争，开心每一天，谢谢你们支持和关注。']
['1591706830508607', '森林女孩👧', '给时间时间，让过去过去，让开始开始，\n传递正能量']
['59683679949', '利哥🔥', '承蒙厚爱🙏倍感珍惜\n感谢你们🙏抖音上的朋友\n愿天下父母不在有骨病折磨🙏\n❤️15550113021']
['65565965168963', '上官明亮', '低调做人高调做事\n你对我好我对你好\n生死由命富贵在天\n有钱之时不忘无钱之日\n\nV：xdh7474774']
['3614803690798279', '美好回忆正能量', '传递正能量']
['68283331928', '香', '']
['201919493338798', '用户6159844932160', '']
['694504582298147', '用户3186496985972', '']
['109090640891', '五金家居好物推荐', '']
['3878693796322660', '农储百货', '']
['67089476363', '静姐', '种草美妆 生活']
['92200041039', '春哥在线', '我没有多大的本事，但我一定会倾尽全力去负起男人应该负的责任；我不敢说爱你有几分，但只要爱了，就会只增不减，终其一生……']
['2471298142308887', '正义之道', '千里之行始于足下']
['104003096290', '远方的家', '远芳的家']
['67372233463', '金良新疆干果', '领略西域新疆风情    品尝新疆特色干果']
['74424578934', '慕斯妈妈', '逗比宝妈一枚\n一起育儿吧  💕mumuma0407💕']
['76083222009', '枫叶酷儿', '精彩轮回']
['104402587204', '雅雅', '感谢关注 感谢有你\n点点关注不迷路\n持续更新哦💗']
['3786353441507997', '美好时光@', '']
['4419690959211981', '美佳莉服装M', '每天更新穿搭，感谢关注！']
['2576861391225789', '此年定人生', '梦想不抛弃苦心追求的人，只要不停止追求，你们会沐浴在梦想的光辉之中。']
['104678911446', '见成正能量', '在情感，励志，搞笑中传播正能量。\n感谢您的关注。\n欢迎投稿。']
['74577304167', '余生做个女汉子', '与其讨好众人，不如取悦自己\n做人，不要去怪任何人…\n好的给你快乐，坏的让你成长\n关心你的人给你温暖\n伤害你的人给你经历\n感恩所有的遇见⋯']
['4322923852336867', '旭涛饰品店', '感谢抖音官方\n越南沙金\n薇❤13528592664']
['101161415868', '用户3900944018318', '余生只有你']
['61332507991', '颜果果', '也许从一开始就是一个错误……']
['98387200300', 'peng', '']
['61749900459', '茶艺小仙女  ', '不忘初心，方得始终']
['3584043488389292', '柚子正能量', '']
['105470563110', '༺🇨🇳CHINA-四雨༻', '厦门竞技跳绳\n微信：D1367860233\n练好一根绳    跳遍全世界']
['103865599830', '郭志高', '']
['105991122413', '傻妞妞', '']
['67520211825', '追忆', '']
['1468540224015533', '广东宏河化学～染整助剂生产商', '']
['259135943740579', '用户1683230184632', '']
['4067825925763756', '用户2341485044148', '']
['3935880507833572', '用户6351622093086', '']
['59163997359', '用户9438539237928', '']
['110482147243', '陈群', '']
['101933395274', '玉芳', '']
['68098588394', '一生平安', '']
['1187093249262333', '影妮儿', '感谢关注我的人，\n祝大家幸福安康。🙏']
['3913882418808947', '悲伤的回忆', '感恩遇到你们，谢谢你的关注。']
['69068242882', '二丫', '我出生于农村，做一个努力的女人，因为曾经被看不起，所以我现在唯一要做的就是强大自己，加油💪2020']
['3012297860068379', '祥哥很努力', '做一个好人\n商务Vx：a1113852836\n每天把开心带给大家，今天你笑了吗']
['106119716377', '金毛～路虎🐯', '名字：路虎\n品种：金毛\n每晚8点30直播\nH作：pgt565656\nM费教你训狗JMLH0606']
['54506799275', '浩哥哥正能量～', '每天定时更新视频，传递正能量']
['48022015967448', '王耀天【义海豪情】', '刚来抖音']
['102149312689', '铭熙', '如果你不能保护自己，那就让我来保护你。\n🛰️：mc2020001 宠粉的铭熙。']
['2018359257337492', '猴小哥💤', 'soul mate']
['105045577510', '苏小小', '一个善良时尚霸气的美妆博主……\n个人薇: xx131819\n商务薇: at131819（备注来意哦）\n直播时间:20:30-24:00']
['3597206909366700', '铁哥 爱分享', '🌴感谢抖音官方正能量\n🌴分享身边的真人真事\n🌾我虽不完美，但很真实\n🍀感恩遇见善良的你']
['100524849937', '阿浩哥正能量～', '人人都献出一点爱～']
['716525785323293', '暖妍服饰', '专注于服装行业12年，职业服装设计、搭配师。关于服装穿搭问题，私信必回。\n关注我，每日为您更新服装店里发生的情感、正能量小故事，每日直播教您时尚穿搭。']
['3073874990216573', '善良的海海', '热爱生活！']
['1626880880687614', '我是谁都不重要', '']
['3737953591901367', '从前的阿正', '感谢你的关注  谢谢你们']
['3755522072777032', '泰美军哥', '喜欢就关注我，一定不会让你失望🙏🙏🌹🌹']
['23777989004', '学哥', '希望我的段子，能给大家带来快乐']
['3328939218712760', '白雪靓菲服饰商行', '感谢抖音平台感恩相识，有喜欢😘白雪服饰请拔打官方电话，私信回复很快哦']
['77691966160', '香姐每晚7️⃣：3️⃣0️⃣直播运动健身', '越努力越幸运💪幸运号15865031860']
['4503668149321726', '英子_2133472', '我是东北农村的一个仨孩妈，我没有什么才艺，我的视频记录着我每天的生活，感谢支持💞💕👫']
['63072281655', '逃跑新娘', '我们在演绎着不同人的爱情故事，也许你也感同深受！\n每一次，只为证明你是真正我要嫁的人！\n商务V:fage0409']
['3812698454757603', '诺宝麻麻拉', '96年的宝妈一枚 宝爸92年 \n相恋六年结婚三年\nV：Zeng70221']
['62819721897', '莫阳', '星图合作vx: cetv887']
['105554732267', '魏玲', '92年宝妈🐒\n承蒙厚爱 感恩关注 \n喜欢我的双击\n想了解得⬇️']
['2722043879492622', '郭淋（正能量）', '']
['105324895663', '洋商贸部', '全职宝妈一枚  分享各种日常难洗污渍\n唯一联系    843821469']
['1719271069851512', '咚梅', '感谢您的关注']
['96822044678', '东莞美梦床上用品', '承蒙厚爱，感恩关注。我们是贝多丝家纺，爱家爱床品的友友关注哦！']
['232728021189996', '无心无肺', '衣衣售后：十45130456']
['2862768209795651', '小小九妹', '感谢大家']
['1807192112240275', '传递正能量', '感谢你的关注']
['101934788797', '大孬蛋', '关注我，花最少的钱，买到抖音上最实用的小东西。']
['111556346759', '蜻蜓追剧', '感谢抖音 感谢关注我的朋友😘\n每天更新 告别剧荒🔥']
['99624401739', '慧眼安妮', '发现生活中微小而美好的情感瞬间！\n传递正能量！️💕\n广告合作V:dxbrzm\n个人V:yfcm108（备注来意）\n🙏感谢你的喜欢❤\n晚上6点—10点直播']
['4338385818', '玲子💄爱化妆', '在人生的道路上\n只有奋斗才能给你最大的安全感和答案\n售后V：AAAAAA1371917']
['61436445089', '农民', '平平淡淡才是福，百善孝为先.记录所有感人视频，大家勿喷？🙏🙏请大家关注我、每天给你们更新感恩感人视频']
['76311254947', '荳荳姐【二维哥团队】', '做人  做事  心存善念']
['96337290920', '向世界推介江西', '向世界推介美丽的家乡江西！\n城市宣传，旅游推介，新闻热点\n众志成城，中国加油！传递正能量！\n欢迎关注！合作、投稿请私信！']
['93763158147', '星球父子的日常', '🌟记录父子搞笑日常生活.\n🌟感谢关注 备感荣幸🙏\n🌟持续更新 感谢抖音平台.']
['4085417289986424', '灰姑娘的裁缝铺（今晚直播）', '3月27.28日（周五.六）晚8:00，直播间惊喜大放送！\n每个灰姑娘都有自己的梦想，每个女生都值得拥有漂亮的裙子！\n商务V :  ydhd2046']
['103219908992', '随风', '']
['95989654001', '河北经济日报', '新经济 新生活']
['2510885204011500', '逆袭子韬', '家中排行老三，大哥二哥在关注里哦😉\n看三少爷和阿福一起逆风翻盘😘\n晚4-6，8点，直播间不见不散✨\n商务✌️❣️➕6137657（注明来意）😎']
['97960647763', '护媳狂婆-黄妈妈', '中国好婆媳一家人的幸福日常❤\n喜欢的朋友记得关注❤\n每天更新\n爱生活❤爱抖音❤']
['4234926148828780', '千寻大人', '我有一双慧眼\n帮女性远离渣男\n商务V❤：hezuo88066(注明来意)']
['109707912904', '大保贝', '欢迎私信大保贝 免费咨询不排队']
['68346026934', '玫姨八点档', '女人的一生会遇到很多误解和狗血，\n玫姨用科学帮你找回公正和理解。\n祝你好孕！\n直播时间2:00-4:00']
['1222271355597196', '小蚕豆', '谢谢你的关注']
['100217427515', '用户2950304987530', '']
['105233052758', '美丽人生', '求人不如求己']
['72276128206', '善待自己', '世界上没有真正相爱的人，只有两颗互相包容的心❤']
['57806110954', '幸福之家', '6']
['103869331761', '感谢有你', 'v⭐十ⅹyyⅹhj']
['63914208507', '懂得珍惜才配拥有', '']
['61934736448', '用户120570', '1998065905']
['93139349797', '伤心的女人', '开开心心过好每一天，走自已的路让別人去说吧！']
['95790810987', '春暖花开', '适者生存，善待自己。']
['71259491923', '泰山', '山西夏县']
['102674276127', '刘律师婚姻情感在线', '法律咨询加微信17854082239 (收费)\n代写《离婚协议书》 《离婚起诉状》\n传播正能量法律知识承蒙厚爱，感谢关注\n婚姻不易且行且珍惜！维护妇女权利，保护弱势群体！']
['104935062776', '@🌹浮云之上🌹（心若向阳，便是晴天）', '心若计较，处处都有怨言，心若放宽，处处都是春天。余生，做个开心快乐的自己\n🌹🌹']
['67387835775', '天道酬勤！', '感谢你的关注！']
['102517916454', '亮晶晶68.6🐒🐒', '拥有健康和快乐，才是人生的赢家！']
['3408133748952164', '在家的妞妞', '谢谢你，关注了我']
['62965957772', '东哥哥', '生而为人，务必善良。']
['83776051544', '霞姐', '本人喜欢拍抖音，沒有任何目的，娱乐为主，感谢大家的关注和支持🙏🙏🙏']
['68327542909', '敏0622', '客服   18305902068']
['3452116531943547', '悦悦', '女人从爱自己开始！\n每天早上八点直播\n晚上七点半直播！\n情感连麦：hufu8256\n聆听别人的故事，感悟自己的人生！']
['1244284091116750', '鑫鑫正能量', '善良的人 运气总不会差🎆']
['3126614500059132', '🔥陈少🔥', '谢谢支持关注\n    相识是缘分 相交是朋友 \n             承蒙大家的厚爱\n       感谢抖音平台感谢官方']
['94817890346', '马总励志', '让普通人做出不普通的事']
['66663431929', '德发哥', '平顶山叶县']
['71514861047', '紫砂徐掌柜', '静下心来，收一把属于自己的紫砂壶，喝一口茶，品一下人生。。。']
['2664833032659679', '夏哥语录', '每日更新\n感谢关注分享\n感谢抖音平台\n收徒教学\n合作💌xiage0706']
['63394351286', '志彤道合', '刚玩抖音，希望给孩子带来快乐和自信，自信是大家给的肯定，请多多关注，谢谢大家了。']
['3372921349735069', '沫沫.', '塑身依售后👉417958434']
['94563806464', '施俊泽奶奶', '我去看看你们']
['97784682943', '虎头哥🇨🇳', '本人出身农村，家境贫寒，16岁外出打工，本人喜欢结交朋友，但是必须要孝顺父母，家庭和睦。祝全天下父母健康长寿，所有兄弟姐妹家和万事兴。']
['94486639242', '情感丽姐', '这辈子要多幸运，才能遇到一个相伴一生的人！']
['3742341803811227', '宝妈爱唱歌（用心唱歌）', '我叫小芳是一个农村人，从小就有音乐的梦想，希望可以在这里实现\n每天晚上八点直播\n承蒙厚爱，感谢支持']
['3364133085653955', '小戏迷源源', '小丫头超级喜爱传统戏曲，非常感谢大家的点赞和关注，祝大家幸福美满！健康常伴！！']
['98852491572', '枫宇桐舟（醒晨）', '只缘海内存知己，始信天涯若比邻！']
['86482952390', '曲剧小乐', '小乐喜欢唱曲剧。']
['81874703805', '韩❤️果园', '爱的传播\n暖的传播\n心的传播\n共勉最美逆行者']
['51177848611', '年轻的心', '人生就是苦逼']
['109808790834', '缘份天空', '感谢抖音平让我们有缘在此相緊\n我不是专业表演者只是爱好而已']
['1789639161282708', '仙女文', '要善良 要可爱']
['2581275448443460', '依水', '龙水水']
['3777547056188027', '阳仔日记', '每天都要开开心心，加油，少年']
['63800942539', '小萝莉👧', '感谢你们那么漂亮帅气关注我\nv  x18743549765']
['769281300893883', '霹雳棠主', '抖音里迷人的女反派\n代表月亮消灭渣渣\n点关注，保平安\n\n🗽']
['97580183962', '我爱冰冰', '窈变女神 享瘦温馨:RMB-158598']
['2405354670660164', '朵拉欧尼', '👤 美妆届以性感为枪的超A女博主\n🔺每周三、五晚8-10点，固定本人直播\n🙋🏻\u200d♀️10年舞蹈功底以及多年美妆剁手经验\n🉐专注于美妆/变瘦/测评/护肤/穿搭/种草\n💢我是你的朵拉欧尼，不关注我想什么呢！💢']
['3328972857809912', '刘哈哈', '中国戏精学院毕业的一匹白马\n做人嘛 最重要的是开心\n围\U0001f9e3：你的刘哈哈呀\n商务合作：lingm833（注明来意）']
['109336902306', '还好还好哈', '']
['102916967200', '宝宝的命运', '感谢抖音平台让我可以记录我跟宝宝经历过的生活，宝宝六岁了还不会站不会走路，也不会生活自理，每天不是坐着就是躺着，希望宝贝能早点站起来，四处求医求支持微薄之力，谢谢大家的关注。']
['111234167903', '香香', '帅哥美女们请关注我哦，喜欢跳舞，喜欢唱歌，喜欢旅游，个性率直，敢爱敢恨。']
['1675287958915671', '赵勤勤', '尿毒症靠透析维持八年了…\n还得坚持活下去…加油💪💪    \n   每晚8:00直播聊天…\n    余生可贵，请别浪费']
['52836449197', '执着重生', '癌症不可怕！可怕的是人心变了！所有的付出是那么的微不足道！执着重生决不能就此倒下！死亡都不怕！还有什么值得可怕！！！']
['83611808278', '方英', '做坚强阳光抗癌女人，感谢抖音平台，感谢鼓励帮助我的人，承蒙厚爱，加倍努力，微信号15886659267❤❤❤传递正能量❤❤❤']
['3491660457323272', 'Dai刘恺威', '感谢你们的关注']
['2106304238200483', '平果', '']
['3918288967182952', '徐小梅', '']
['101922699477', '豆花妹', '今年改行了不做豆腐了朋友们想吃我的豆腐的没机会了']
['102047687368', '文文', '']
['67215209733', '廖大姐', '苦命妈妈，命太苦，有苦没有地方䜣']
['923182459522264', '头条社区', '打开今日头条，点击搜索更多精彩内容']
['62829120824', '坚强的女人', '']
['110292950239', '英子🌺🌺胡子姐😝😝', '算是有一口八字胡吧😛，是一个木工姐😛']
['188744879049607', '张老师养生达人', '']
['118343634009348', '电影辑', '']
['110162990148', '一天好累😂', '感谢亲们的关注，\n真诚要买人工鞋垫加vx:xxiaozhi520  都是一针一线绣出来的\n不需要的亲们默默关注就好了，每天都很辛苦，请不要打扰，谢谢关心']
['4371256003004276', '水木年华', '哈哈,本人属鸡,虽然失去所爱,但我也要坚强的活着,活出个人样,让那些,轻视我,渺视我的人,想想,有必要,做的这么绝吧,我吃你的吗？用你的吗？欠你的吗？本人江苏，盐城，东台，']
['102039254166', '踏雪寻梅', '']
['3979884887804743', '贵州乡下🍎果儿🍎', '泪水和汗水的成分相似；但前者只能为你换来同情。后者却可以为你赢得成功。😊感谢抖音里所有的朋友们对我的关注，点赞，以及点评，我是一个地地道道的农民，有时候家务繁忙，不能及时回复朋友们的点评，还望朋友们能谅解，在此感谢朋友们，真成的说一声谢谢🙏🙏']
['1543334410596173', '笑颜如🌹', '一只自嗨的单身狗🐶\n晚八点半，求真心守护😊']
['3267386721966616', '温柔迎宝 🌸、', '🌸 新主播求守护\n🌸 谢谢你长的那么好看还关注我\n🌸 暂定晚上8点左右直播\n🌸 直播间一个气球加V \n🌸 爱好拍抖音 纯属娱乐 别当真\n🌸 本人只有这一个抖音号 不要上当受骗了']
['86402432693', '山区彝姑娘', '首先感谢抖音绿色提供好的平台，我是来自与四川大山的农村彝族姑娘，我没有文化也没有什么才艺，我每天只是在记录自己生活点点滴滴，希望能给大家带来一种喜欢，感谢每一位支持与陪伴。']
['104179321078', '季伟芬每天晚上6:00直播。不见不散。', '季伟芬，每天晚上6:00直播。']
['98325327360', '你和我', '不奢求荣华富贵，只要身体健康，开心快乐就完美']
['62739056519', '表妹团🌷小表妹', 'V🌻：kzm3344521\n喜欢山歌，你伴我一程，我感恩你一生']
['3988629610046414', '娟丫头', '只为做更好的自己！作品纯属对口型！不喜勿喷，开心最重要！感谢大家的喜爱！']
['7524716732', '恒正建设', '我是一个企业法人做主播，感谢大家对我的支持，每天晚上9点至12点直播']
['1310216505525144', 'dyoas2k6l4v5', '']
['71992161238', '驾考：琳老师', '售后客服V：17734136676\n科一科四专项必考讲解，科二科三高清视频教程2020老师带你们轻松拿驾照！']
['99597007491', '农村叶子', '快乐自己']
['2524088088662408', '小妹正能量', '']
['2453698760159757', '程程哥☞正能量', '不经历风雨怎样见彩虹']
['62696977361', '你的鑫宝❤️', '承蒙厚爱，以后让我陪着你吧\n扣扣❤️374889995\n每晚9:00直播，等你哦']
['3421276428314168', '莉娅', '大气主播❤️\n做我粉丝我宠你🎁\n感恩所有宝宝的关注💗']
['101261312055', '梁姐', '开开心心过好每一天@江西高安']
['108949803587', '小老弟🔥承蒙厚爱', '承蒙厚爱，感恩遇见，\n感恩有你，不忘初心，\n方得始终。']
['4358076001439454', '赤水正正土特产', '自家养的农村土猪，吃苞谷红薯长到300斤，喜欢腊肉香肠的加18892423871']
['347034562870605', '何何♥毛线编织人', '做一个正能量的手艺人\n养一个有意义的抖音号\n谢谢你关注我！\n聪明的你给我私信！！！']
['105405221002', '幸运草2O2O', '']
['96439419199', '于震', '分享美好生活，加油大长脸……']
['91945229611', '刘恺威粉丝团', '人生除了生死，其它都是擦伤！']
['109448223426', '张琼英', '爱好唱歌跳舞！']
['2106270163667636', '用户5519529991524', '46岁']
['102868822922', '张桂英', 'How']
['62968357224', '小敏家母婴用品店', '我是一名舞蹈爱好者，希望认识广大舞友相互支持🙏我的职业是做宝宝纸尿裤的💐💐\n实体店经营，悦馨宝贝，粑爸的呵护，柔丫，有需要的宝妈们可以关注我，主页有联系方式，同V，私信不回复🙏🙏🙏']
['1873182609115053', '等风来🌧️', '🐟爱上了🐱，我爱上了你']
['71905574622', '面食分享', '感谢家人们对我的支持！\n本人爱好面食制作，对她它情有独钟\n有喜欢的朋友跟我一起做吧！\n希望能给大家带来无尽快乐，谢谢\n感谢官方🙏🙏🙏']
['78477269666', '杨春华', '本人持别爱好抖音，爱活跃，爱唱歌跳舞。']
['50613803715', '小梦想家妞妞', '☀感谢抖🎵官方\n☀谢谢你们的关注\n☀合作薇:13863555078']
['4318496264299613', '桃子味小怪兽', '一个热衷沙雕的穿搭分享']
['109124972381', '周来香', '']
['4375689437129564', '周大大', '']
['59615047462', '俊浩丰工艺品店', '学到老，活到老，传承手艺，支持正能量\n粉丝交流V❤️：wqj950924']
['2963896301796807', '魏若槿呀', '']
['59493899113', 'Cc🔥无声小哥哥', '💫别有幽愁暗恨生，此时无声胜有声👂。\n我是一名聋哑人有戴助听器和蓝牙耳机，喜欢跳舞和听音乐节奏感，表演就是笑脸。         \n        做好自己，开心就好，爱你。   \n❤️感谢阿姨们 姐姐们 妹妹们关注我吧❤️\n   🔥感谢大家一直以来对我的支持。🔥']
['2941942579084132', '潇洒二哥。', '王总']
['4230536920050366', '爱雨欣', '加个关注认识一下吧']
['2119473490824695', '李佳琪呀', '感谢关注']
['465812645491983', '正能量丹姐', '🙏支持抖音正能量\n🙏让爱充满人间']
['2590087496860492', '广州霞妹贸易店V', '']
['2880358586539847', '希妈美食', '爱生活，爱美食，爱分享\n抖音记录美食的美好\U0001f963🍲🥘\n短视频拍摄交流  413393351']
['2330578213668222', '钟老说', '传播正能量']
['111427330067', '幸运鹅', '分享美好生活，传递正能量！']
['1873186291199572', '郭晶晶', '感谢关注']
['109976722948', '市北区格薇百货', '传播正能量']
['1239845559339871', '鑫鑫哥正能量', '传播正能量']
['84639607103', '飞飞正能量', '']
['82704202641', 'A赤壁市文德百货商行', '']
['99929276041', '正能量柚子', '关注柚子，让我带你传播正能量！！！\n小针刀是颈肩腰腿痛的克星！\n泰州针刀专家李玉前在我的关注里。']
['108248064567', '露西', '']
['712098299515860', '小小小小安', '']
['3671991751279624', '月月姐', '站在人群，我毫不起眼，活在世上，我不玩心眼！就这么快乐，就这么简单']
['3210189429277015', '往事如烟正能量', '传递正能量']
['77071263271', '黄丽萍', '80后的老阿姨有人会喜欢吗😂']
['108945474960', '人生路', '安拉的仆人，农民的儿子，妻子的丈夫，两个孩了的父亲。']
['81478549910', '老肖', '']
['51197999808', '石林路南往事茶餐厅官方', '感谢抖音平台，可以用视频记录岁月时光，荣幸与你相识，我的故事都在这里！请关注慢慢了解！诚意微星13888476001']
['98784301613', '登封市中岳少林文武学校', 'VX:👉158-3832-4999👈\n成功成才先成人，习文练武必修德\n先做人后做事🙏']
['102240458219', '徐小明', '徐小明江西省上饶市']
['110781473992', '秦汉新城连连百货店官方账号', '从事育儿护理，产后知识🔟余年！\n感谢抖音平台，每天分享正能量！']
['96410516409', '歌武王子☆阿力', '学功夫＋♥ali566633767\n业余歌手，喜欢模仿秀，口技，偶尔改编一下歌词，希望带给大家开心快乐！🔥\n练习少林拳，散打，硬功🔥\n感谢帅哥美女们的关注！感谢抖音平台🔥']
['100962644486', '阜南 燕姐😃', '在阜南需要滴滴代驾叫燕姐..联系电话\n18726509298 不闲聊！']
['3232212949401668', '谢姐口才情商正能量', '不是富二代，现在创一代！只有足够努力，才能看起来毫不费力！幸运♈️数字1️⃣5️⃣1️⃣3️⃣2️⃣6️⃣5️⃣8️⃣8️⃣5️⃣9️⃣']
['75015630555', '杨集拳力散打搏击', '江苏连云港灌云县杨集镇，拳力散打搏击俱乐部，常年招收专业班，业余班，随到随学，安排吃住。VX15905131220']
['87173109946', '粉哥', '趁年轻做些有意义的事\n交流➕764002678']
['60684059286', '影视剪辑师', '📽：爱影视 爱剪辑 🚦 \n——————————————\n📽：承蒙厚爱 每日更新 🚦 \n————————————————\n📽：感谢官方的 短视频平台 🚦 \n———————————————————\n📽：剪辑合作学习VX：my2020188188🚦\n————————————————————————']
['105362811991', '多面武者', '本人来自河南的一位农民，自幼热爱武术，爱运动，直播时间，每天下午6点直播，']
['64494532726', '剪辑姐✂️', '一部电影🎬一个故事！                                                     想把所有经典故事都剪给你看！                                            记得关注➕❤️么么哒\n视频教学\\/：S188246911']
['14746017473', '沙坂小学武术队', '']
['65083798708', '这位叫艺辰', '🎄夫妻情侣日常囧事如果你有故事私信我，我来拍😄\n感谢关注：每晚8:00点直播\n💁🏻♂️男：90年叫【艺辰】\n🙋🏿♀️女98年叫【洋洋】\n每天晚6点更新视频🕘\n以加公会勿扰🌲\n文玩带拍P：V💕Echen20170505']
['111211699830', '铁打师傅陈继辉', '']
['96307502346', '你的世界@廖亚彬', '白茶清欢无别事\n我在等风也等你']
['95872310272', '扣子影视（用心剪辑）', '💪坚持原创每天更新\n     感谢抖音 感谢官方\n更新完每个剧后都会再制作本剧\n人物合集60贞高清全屏送给粉\n学习交流：kouzikeji888']
['73586542976', '忠于靳东！！', '关注靳东，了解东哥的生活感谢平台！']
['99602634542', '张德明', '']
['85682261283', '骆驼城子', '——每个人都活在自己的故事里，不必知道自己是谁，只需知道自己需要做谁！\n——每周至少更新3集，一起感受世间的温暖、与爱同行，生活更加美好！\n——不是没想到，而是想不到！']
['68385483159', '顾12【平度这一块】', '全民抖音 传递正能量\n感谢您的关注🙏']
['1033190400865800', '小龙龙正能量938', '感谢每一位家人们，支持正能量双击加关注 ❤️']
['1099100220556727', '爱雨萱女王', '感谢朋友们爱我么么哒']
['3671995749250811', '美控优品', '店铺搜索: 佐马克\nV❤️: abcbuck']
['104544389136', '🐾刘恺威杨幂情感语录🐾', '承蒙厚爱，感谢关注，感恩相遇每一位粉丝友友对我的支持和鼓励。']
['870432876268791', '罗晋.@', '❤️感谢大家关注支持❤️']
['870428786034894', '大衣哥的日常生活', '感谢朋友的点赞\n感谢朋友的关注🙏\n\n有你们的支持才有我\n爱你们❤️']
['102360002794', '《星  星 》 伤感哥', '感谢抖音官方 ！ 没有别人的洒脱，却有自己的执着，本人直播，以唱歌🎤为主，感谢大家对我的支持和关注，谢谢你们！🙏']
['109421640338', '兰州游', '']
['575782824451160', '🌻向日葵的微笑', '感谢你的关注支持！度劫的单身妈妈']
['81219034465', '九九家纺', '#家纺床上用品 #感谢官方感谢关注感谢老铁们的支持 #记得双击评论加关注哟爱你们']
['430606926228839', '爱护肤❤️张庭&陶虹', '🔆 有情怀  有工作  有生活\n ❤️ ruohao201603']
['1151904297004040', '阳东区钰宇百货', '']
['1697264955824398', 'dyqrnvti4qum', '']
['2189845058826424', '创典出百货', '感谢抖音平台\n喜欢的请点个关注']
['3755549356460941', '刘涛粉丝团', '感谢🙏关注']
['111633645529', '张香谢谢您的关注🌹', '分享正能量谢谢观看！']
['1323456894614275', '秀田', '']
['3157390346423552', '诺诺姐正能量', '困难，激发前进的力量；挫折，磨练奋斗的勇气；失败，指明成功的方向。']
['106010378748', '清子💓', '加油💕越努力越幸运\n感谢关注💓\n感谢平台❤️\n找我➕V❤️T12914']
['95490863122', '帆哥😘正能量', '一生行善，以善为本，好人一生平安传递正能量，支持正能量的就关注我吧感恩有你']
['4124973750824236', '鱼中水', '认真做每一件事，传递正能量！']
['1314656288516292', '甜姐很甜', '❤️8年的努力，专业研发护肤品\n❤️抖音好物推荐人\n❤️只想把最好的我顶尖护肤品，以成本的价格传递给每一位家人，感恩缘分让我们相识，做我粉丝，我宠你😘']
['106487324157', '伟伟正能量（吕世）', '每日更新传递正能量']
['107921318547', '平姐正能量', '一位超有爱的老板\n一群传递生活点滴正能量的80、90年后\n为每一位关注的朋友带来快乐\n欢迎粉丝投稿👏👏👏\n我们来演绎你的故事\n✨感恩点赞！ 感恩关注！✨✨']
['69639627487', '小馨呀😘️', '感谢你们的双击加关注']
['483380728182407', '用户984536852595', '']
['2678061552114573', '何少斌', '只暖你一人\n公会勿扰，谢谢']
['3702764212335548', '春天的雨', '感谢抖音，感谢抖音绿色平台，给我展现自己的机会。']
['1798446252833403', '琳2020', '']
['92898583227', '赵华【正能量】', '我就是我，做自己喜欢的事。本人喜欢新彊金丝玉。愿意和喜欢金丝玉的朋友交流。']
['84406540410', '三月', '']
['676912855265363', '花姐很努力', '今天你努力了没有…………别看人家  说的就是你']
['3122211105023799', '珍惜眼前人', '尽量每天更新！！！\n多谢大家的支持和点赞！！！']
['58802909201', '暖阳🇨🇳', '健康的身体是最大的财富']
['88444853369', '赵(关赞必回)', '谢谢家人们对我的支持，祝大家心想事成身体健合家欢乐，幸福美满。']
['75369388247', '豪哥特效', '他关注你了\n喜欢特效视频😿\nAe制作，手机制作\n学习加❤️wen199191']
['93488613823', '清浅63年兔🐇拒聊', '希望身边的人.都幸福快乐']
['58159790738', '落叶归根，正能量❤️👍🏆', '过好每一天']
['303117503561790', '戴渊峰影', '行走在创业路上幽默的男人']
['109834890203', '陈东', '虽然我的步伐慢点，但我绝不后退，感谢大家的关注与支持\n\n\n合作V➕SWHZ999999（注明来意）']
['2576859412311591', '女孩坏坏', '小朋友们大家好']
['60223639836', '胡小妖', '早9:30晚8:00直播粉丝进群Ｖ  hu983244234风里雨里一直等你🔥聚妖堂🔥欢迎👏你']
['3614815659756260', '福气多多', '快来测测今年的运势吧！']
['25989905911844', '广州夫通贸易', '']
['109017262822', '开开心心过每天', '']
['67133669802', 'canlanyangguang', '谢谢大家关注本人大号']
['1314671279473469', '好运连连', '2020年接福运，发大财！']
['3755526973825024', '小天使', '开心就好，2020我们一起加油努力💪']
['3456472657694878', '里将百货 A', '']
['93664980182', '李姐', '感谢好友们的关注与支持\n感谢相识的缘分来在抖音平台相聚\n愿所有的好友们平安幸福，喜事连连，缘缘不断，开心过好每一天。']
['96161251861', '宜宾新闻网', '知宜宾 观天下\n温暖你 感动我']
['3337747267333563', '珍惜', '人心换人心']
['3315733624009576', '观淄博', '瞰世间百态  品美好生活']
['110840255085', '红太阳', 'vx：zhuzhu4936']
['452628822633531', '米小圈💜', '坚持原创🎬\n感谢抖音💜\n感谢关注💜']
['4300908736552621', '热门音乐', '多听音乐   可以带来好心情哦']
['84679127415', '硕💕', '感恩大家的点赞和关注']
['55797245860', '青春湖北', '是谁这么优秀想要关注团团']
['3773140291814925', '温柔晓晓', '宠辱不惊，闲看庭前花开花落']
['3065061495021373', '菊子', '台上一分钟\n台下十年功\n  绿幕素材\n   菊子2号\nⅤ❤️j8686598z']
['59144203194', '开心', '']
['4283312484917063', '钟老养生', '']
['101781962690', '姑娘唯美', '提倡正能量，欢迎五湖四海的朋友来南通家纺城做客👏👏👏']
['97124322558', '广州四哥物流', '知我者谓我心忧，不知者谓我何求。']
['53534355737', '红辣椒', '性格开朗热爱学习']
['83401090659', '丽姐正能量', '感谢抖音绿色平台🙏\n感谢支持的家人们🙏\n真心对待，开心就好❤️']
['69597929942', '兆平安，装修设计', '']
['566968429599651', '范俊豪。', '']
['98362908402', '四川残联', '长期坚持精准为残疾人服务']
['4503686721936621', '叫我夫人❤❤', '每天晚上8点直播，下午2点直播！\n萍水相逢，你却给我那么多，感谢你给我的一切']
['10593919142', '极品男人。', '没几处伤口  怎能叫做人生']
['4094232528957646', '胡不歪-正能量', '']
['111262185159', '一个小西瓜', '心无旁鸳']
['94637106032', '天天开心^_^', '感谢关注']
['1345391268735595', '冰心', '来自农村，没有才艺，希望不要嫌弃，\n感谢官方']
['259113684312555', '小月儿正能量小故事', '希望把我身边的正能量传递给大家！']
['2963891707721608', '瑶瑶', '感谢老铁的双击加关注  🌹🌹']
['61978493034', '小巧玲珑', '小巧玲珑记录农村的真实生活18859908381']
['747262166172414', '宇宙中的一丝光线', '你有你的背景，我有我的故事，没有读懂我的故事，别给我多余的评价，别用昨日的眼光 ，看今日的我，微657508390']
['624137270727710', '莲子已商贸店', '']
['223904240778631', '571219', '']
['101084024530', '甜🌹妹', '❤️承蒙厚爱❤️倍感珍惜❤️想听歌❤️每天中午两点到五点，直播间等你们🌹']
['111430350830', '金丰水产有限公司', '专业培育泥鳅种苗，我们公司签订合同上门回收，让您养殖无忧！想合作考察的朋友请点击：👇下方联系方式']
['75210878033', '🌸小师妹🌸', '唱歌跑调的🌸小师妹🌸，唱歌需要勇气，跑调是我的天分，欢迎各大门派来纠正😂😂😂']
['4283312466044943', '刘飞飞的世界', '感谢大家']
['58352786672', '๑˙❥ .·凉城惜忆', '愿每个人都能被世界温柔以待']
['103561362420', '用户4176910580254', '']
['980386159527228', '我要坚强', '']
['110950797701', '南通安佑', '专业销售高档教槽料，浓缩料，预混料，手机15051216503']
['1714856034314839', '红衣主教', '']
['73872523985', '🌸⍤⃝ ⍨⃝∵⃝♡⍢⃝', '你有多努力 才能多特殊 🍭']
['105904065173', '农村丽姐', '大家好，我是一个来自农村做服装生意的，🤗\n我爱唱歌、跳舞，充满了正能量。\n感谢抖音平台让我认来自全国的家人们。\n关注我，让我带给你们快乐。']
['76059947249', '茶香妹子铁观音原产地', '过好每一天，喜欢我关注我，喜欢喝茶的，加我信不闲聊，只推销茶叶不聊天。291468252']
['106548094432', '开心就好', '']
['106162279481', '\ue303唐（英子）', '谢谢你的关注']
['64762870617', '💋安安💋', '我就是我不一样的烟火，想要一个关注了就不会取关的人，会是你吗？']
['98415896192', '@森哥（感谢支持）', '❤承蒙厚爱，感谢关注，一路前行……加油。\n❤承蒙厚爱，89年的🐍喜欢唱歌🎤。\n❤承蒙厚爱，新主求大哥大姐们守护。']
['87623990407', '搁浅的海豚', '']
['95882613861', '子涛', '承蒙厚爱，多谢关注\n每晚8点～12点直播']
['1121105360985428', '用户7658340418826', '']
['4019418251670317', '@姐不是传说', '感谢抖音\n感谢关注\n感谢您的支持']
['3073860994345988', '吁吉香', '']
['1464196798888603', '谢菲', '承蒙厚爱，谢谢关注，每天分亨正能量！']
['86114729026', '鲲哥', '快乐学习，＂成＂长之家']
['105046693525', '齐天大圣。', '']
['2066693104337024', '春秋大叔', '传递正能量！记录抖音美好生活。只为大家有份感恩的心，别无所求。你开心，我就快乐。']
['1345416140161304', '传递正能量《雅儿》', '感谢抖音官方，感谢你的关注']
['1085972992234648', '🦋米宝🦋', '此用户关注了你👤\n🦋瞬间让你笑🦋\n🦋瞬间让你哭🦋\n🦋快乐和正能量传递人间🦋\n🦋感谢你这么可爱还关注了我🦋']
['729693929350712', 'Da❤️吴京', '感谢生活\n感谢有你']
['435037960671107', '年轻的心', '']
['107984293790', '巧玲', '谢谢你的关注。']
['105696642399', '大映影像娱乐', '感谢你的关注➕一起成长']
['500989560365751', '音乐知心', '天天分享热门歌曲\n愿音乐能够给大家\n带来欢声笑语']
['80068327181', '手机用户80068327181', '瑜含']
['98442433971', '追梦人（小舞）', '感谢官方 \n一起传递正能量']
['2722021075322060', '刘德华👍🏾', '❤️茫茫人海  相识是缘❤️\n❤️感谢点赞  感谢关注❤️']
['2299815426527000', '中医陈医生', '主任医师，湘潭市名中医，湘潭市第一人民医院中医一科主任。湖南省中西结合学会肛肠专业委员会副主任委员，湘潭市中医药学会肛肠专业委员会主任委员。湘潭市中医肛肠专业学科带头人，湖南省首批中医肛肠学科名专家，湖南省中医肛肠学科名医工作站。从事临床工作30年']
['78478610672', '向王天子发哥', '你的事就是我的事只要你把我当回事']
['111138412159', '我是重庆人向', '']
['2554884730664747', '巴音郭楞日报', '众志成城，防控疫情。如果您有感人的视频或线索，可以联系我们：13364854844\n邮箱:530004715@qq.com']
['4195355354730029', '小香日常赶海', '海边长大的孩子，关注我！带你体验赶海乐趣~']
['4463641930512910', '❤️文选😊', '专业承接整烫加工，吸风台、钢架。承接外贸。 ❤️\n整套设备齐全。❤️\n交通便利❤️\n联系\n方式：13361604567❤️\n维兴：ai16684863403\n谢谢大家关心支持💓']
['85520632447', '考虑考虑/怎', '']
['102540358162', '正道直行', '言行一致']
['3927077747439400', '怡儒爱💃舞蹈', '有意合作者，现私聊。\n喜欢怡儒穿搭，进厨窗看看吧']
['3100250781530712', '健康第一（64年 🐉 ）', '谢谢您的点赞与关注🌹玩抖音就是给多年以后的自己留下一个美好的回忆！']
['52162472654', '耿耿星河衣', '热们绝技V:8226704']
['104388399792', '张进忠的快乐生活', '农村走地鸡鸭鹅，各类土特产均有出售。详询13195399158 微信同号。']
['3232179238476548', '毛毛～', '他时若遂凌云志，敢笑黄巢不丈夫\nV：17666662580']
['1314605853846739', '老阿姨玩游戏', '想玩游戏的点赞关注我哟👏👏👏']
['95132936626', '户外橙达人', '为家乡助农，让农民致富。']
['74316495820', '感恩的心', '我是一名重度残疾人！我的人生很苦但我很乐观求求你的关注谢谢']
['3372948951928493', '荣仔🔥（正能量）', '新人上路 多多支持']
['426251114528248', '钓鱼人阿乐ALE', '一蓑一笠一扁舟，一丈丝纶一寸钩。\n一曲高歌一樽酒，一人独钓一江秋。\n感谢支持感谢关注！\n感谢抖音平台！\n感谢路过的所有人！\n寒江孤影，江湖故人，相逢何必曾相识。\n❤️18521304889']
['2787956014721181', '说你爱我', '']
['100465676607', '幸福人生', '']
['2506500549650907', '小姐姐\U0001f9cd\u200d♀️', '正能量满满的、感谢大家的支持']
['63161128211', '仔仔', '']
['3768767665406884', '忘记错遇他，寻找最爱我在哪里？👣', '保证永远对我没二心的人。联系我，和我过日子，不会要你养的女人！']
['110936442496', '王丽', '62年的奶奶']
['171163630448500', '大帅哥哥', '喜欢拍段子，传递正能量']
['78783834761360', '阿元，', '谢谢🙏大家关注']
['105365744693', '随遇而安', '宝贝的快乐时光！']
['1961131393954503', '往事如烟般', '不忘初心，方得始终\n感谢抖音平台！']
['109775574822', '养生家园🍃莲姐🍃', '珍惜生命！微💕Msl125336']
['4353672651225696', '🌹有你真好🌹', '']
['110272004422', '华美库衣服饰店', '《直面真相 》尽我所能揭秘一切生活上，购物上，创业路上………一切我知道的真相。']
['104579741145', '川X：huang', '大家好我叫老huang谢谢大家喜欢我支持我']
['1433371134136503', '五班长-大叔相亲6666', '来抖音就是为了找个媳妇🤣🤣🤣，我85年的单身狗']
['100197562047', '将就过日子', '将就过日子']
['54826061974', '大挺挺婷', '看人生，品人生']
['1789593594371716', '金玉满堂', '江苏泰州、太兴、喜欢唱歌、跳舞、怎么开心怎么活🌹🌹🌹']
['100601605113', '芳芳', '往事清零，余生怎么开❤️怎么活']
['86379153573', '刘', '无']
['80823291120', '左耳💃（67年羊）', '正能量🔥每天更新🔥\n谢谢你的关注❤️祝好人一生平安🙏\n朋友用心去交❤️父母拿命去孝🙏']
['98506800231', '落叶无痕', '路过的都是风景，擦肩的都是过客，留下的才是人生。']
['105236103031', '刘', '']
['110602644393', '厚德载物  六六', '分享生活~分享美丽~分享健康']
['93976801844', '《雨儿》正能量', '']
['61230444446', '萍萍', '我是南京溧水人😄谢谢各位关注🌹🌹🌹']
['109728035305', '给儿子家当保姆的靳妈妈', '一个全职奶奶,给大儿的孩子带大了。现在在小儿子家,带小孙子和孙女。挺好']
['98902930041', '我的偶像红姐', '做慈善我是认真的']
['628569692444072', '今日国土新闻频道', '今日国土新闻频道']
['1890781060139134', '队长晨', '']
['3041608136', '来保', '']
['3597220266378749', '健康生活', '']
['79784065954', '身所伊人 优雅仪态气质修炼', '毛宇琳导师\n身所首席导师，优雅仪态课程总监\n导师班专授\n留言所有问题都会回复\nV❤️:MYL19928353359']
['1138744174056734', '深舞谢孟颖', '是你们的小谢老师呀！！\n下午2:00—6:00直播💃🏻💃🏻\n\U0001f9da🏻\u200d♀️\U0001f9da🏻\u200d♀️\n原创舞蹈《广寒宫》《桥边姑娘》💙💙\n舞蹈服装合作 请咨询主页👇🏻👇🏻\n咨询完整版舞蹈视频+ v❤️ 157 37251707']
['67891113333', '气质如风你茜姐', '每天下午2点到4点 晚上7点半到9点 直播呦']
['69866995320', '成哥教做菜🔥🔥🔥', '支持正能量平台从我做起\n合作VX：meishi1978']
['43596104871727', '音乐厅', '😘感谢抖音平台\n🙏承蒙关注，不胜感激！']
['712076289126663', '潇潇雨歇', '']
['69605187017', '南阳新闻广播', '我们只做新闻']
['2229420741365395', 'Happy音乐', '音乐这东西\n开心听时是旋律\n难过听时是歌词\n每天分享出最好音乐']
['103602215444', '今日海峡', '网罗两岸动向']
['2893533244563351', 'D❤️大爱幂幂', '支持正能量\n每天更新']
['99246152913', '溪岸', '❤️感谢关注❤️\n❤️感谢有你❤️\n❤️持续更新中❤️']
['201917477684894', '果妈生活录', '衣   衣    售   后    54677696\n衣   衣    咨   询    54677696']
['3425695153272989', '超稀琪的日常', '感谢抖音绿色平台\n记录夫妻搞笑日常，正能量\n感谢关注 ，倍感荣幸\n商务合作：591790257（工会勿扰）']
['1275027050216527', '敏敏呀', '']
['94077842528', '努力奋斗', '']
['694511789414200', '含羞草', '谢谢关注']
['10396244645', '正能量的佐伊', '无论世界待你是否温柔，请保持你的善良，好运会与你不期而遇！\n粉丝V:1007506347\n你的故事我来演，欢迎投稿！投稿V同上']
['4336089960296045', '爱你永不变。', '']
['110118381941', '阿毛出品', '合作+V: xqdz8866\n专注于创作传播正能量，传播中华民族传统美德的视频和音乐！感谢您的点赞评论转发！相信传承的力量！']
['2414175541542237', '沭阳宝哥🔥', '希望广交四海朋友！\n感谢🙏抖音平台！']
['1138740044769720', '丽姐', '感谢抖音官方平台，感谢所有关注和支持我的家人们，售后LuoAH1314']
['1063944667538951', '小黄瓜🥒', '谢谢大家的关注！']
['1837974430951687', 'AA大白', '喜欢正能量的点个❤️＋关🐷']
['75935554774', '农村稀罕事', '新手上路大家多多关注！']
['3403706704595950', '天空之城，', '']
['105801899522', '正能量哗哗姐', '感谢抖音平台，感谢相遇，不忘初心❤️，方得始终！']
['751692397153755', '纽曼', '没实力之前，你要学会比狼能忍；\n有实力之后，你要学会比狼更狠！']
['4089801217416519', '义乌老高', '💥义乌爆款，厂家供应💥\n💥中小企业，店铺，需要批货请私信💥\n💥学习电商请私信💥\n💥能卖货就能刷，能点关注就能刷💥']
['4375708577303080', '形象设计小付1', '售后Yanghuo-999\n美颜、瘦身、冻龄？不是梦\n女人至少一生要体验一次辟谷…']
['106904092362', '辣妈手工棉鞋制作', '纯手工缝制棉鞋，给您春天般的温暖！喜欢的联系十v2727470389']
['2277793867762055', '用户9944557538966', '']
['962816704780904', '小燕爱分享', '自律售后 18685208521\n每天给大家分享正能量']
['99667014952', '用户1652397110600', '南京六合']
['51071212681', '用户149064110212', '']
['3056268086359037', '王修琴', '']
['111317995626', '，，王爱红', '']
['94651315067', '威海火炬高技术产业开发区瑞丽护肤店', '1481420297💕\n让你变美是我最大的心愿']
['108142893298', '兰陵秀优坊百货', '⚡️变美捷径👇👇\n❤zongzong66888\n🙏感谢抖音绿色平台']
['1204666489383540', '莉莉 ，', '开网店的小护姐姐\n生活好物分享👆上方橱窗\n胃❤️L1️⃣8️⃣6️⃣7️⃣1️⃣1️⃣9️⃣9️⃣\n感谢大家支持！']
['93928159732', '正能量小帅', '【感谢抖音官方】\n  谢谢你的关注\n  不乱于心，不困于情，不畏将来，不念过往\n  如此安好…………\n  本人很少直播，不会轻易私聊大家。\n  避免大家上当受骗，这是唯一抖音号。\n  ✅❤️q85796']
['111535855884', '梦想👉励志正能量', '🙏感谢平台🙏\n🙏感谢在2020年关注我的人🙏\n祝你身体健康👬事业有成\n人生并不会因为你做过什么而后悔\n而一定是因为你没做过什么而后悔']
['1085951058390407', '肖赞说创业', '费诺蒙商学院院长\n费诺蒙团队创始人\n菲诺蒙洗护品牌创始人\n波碧水品牌创始人\n美妆蛋品牌创始人\n森淼淼纤体品牌创始人\n费诺蒙商学院专注于短视频运营技巧培训，实战教学，商业模式设定，直播带货一条龙落地实操。']
['111174604146', '健康最好', '。！！！！！']
['110018569052', '诗诗爱生活💪', '爱官方，每天分享\n美衣，卫❤️185  3104  2156']
['1622530441099832', '水蜜桃💐', '感谢抖音官方提供这么好的平台\n改变身材💛1️⃣0️⃣1️⃣1️⃣5️⃣3️⃣2️⃣7️⃣5️⃣7️⃣\n传递正能量从我做起✊✊']
['76060009901', '162173923', '']
['64303697730', '正能量居居', '需要吗？不需要了']
['4199768255102989', '英姐', '']
['73505092817', '静《正能量》', '']
['91653896626', '四川小奇姐', '']
['2317419550092861', '马到成功', '东莞职业学院']
['95051810840', '用户3495605711207', '西泉任叔']
['3619237179435501', '白衣天使加油！', '']
['95511226747', '陈哥来喽👫', '每天晚上六点开播😌做人本分一点。别在去怪别人。要怪怪自己太傻。寂寞的人唱寂寞的歌。喜欢听歌的可以进直播间欣赏。']
['2686833959123933', '梅梅正能量', '爱生活爱官方谢谢所有朋友，感谢官方给这么好的平台']
['852815279297943', '李姐', '蓝天姐姐']
['1750032148863664', '家有萌宝', '']
['2418525047888283', '梓茹正能量', '简单而真诚的对话\n自由而温暖的活着']
['106866098661', '一帆风顺，(传递正能量)', '传递正能量，让爱充满全世界，喜欢唱歌，拍照，旅游，散步，热爱生活，更要感谢抖音平台，给了我开心快乐，记录了美好生活，认识了许多兄弟姐妹们。']
['3223421512332775', '鹿邑周彩云', '']
['659325941975719', '暖心好物🌹', '该用户以关注你\n我是暖心好物🌹🌹🌹🌹\n每日分享实用好物\n关注我，不迷路。😘😘😘']
['109203507832', '小春容', '']
['71235487272', '一路顺风', '农村人，没有才艺，感谢抖音，感谢官方']
['25058504472', '锦阁苑饰品工艺品', '越南沙金是一种含金量低未经过的提纯一种生金产品。以其为原料做出来的饰品，因为黄金饰品颜色 工艺相似。低价底被越南人民喜爱感兴趣的朋友可以点[官网链接]和[联系我们]了解评论区不回复维❤18529455853']
['3742339551476718', '步登戈服装商行', '加油莫问遂']
['2471322533233095', '居家生活好物推荐', '😂又一个好看的人点了进来\n😆分享好用的家具生活用品\n😏有什么想评测的赶快私信和我分享吧']
['2247005264688008', '白云飘', '谢谢您的关注']
['87957588699', '耘同百货店.', '']
['110076826880', '单恋人生-☞安徽蒙城', '谢谢你的关注']
['66423775553', '莉姐姐', '抖音记录美好生活❤️\n谢谢这么优秀，帅气的你给我点赞❤️\n关注➕点赞评论不限既回\U0001f91f❤️❤️']
['66927925587', '云哥聊创业HN紫', '']
['377852291976989', 'Didiu莉莉', '🐼加油好好干🐼\n🐼出都出来了🐼\n☘️打工那么容易呢\n☘️融不进去的城市\n☘️回不去的故乡\n☘️他乡不留肉身\n异土不留灵魂，生活要是如意，谁会选择颠沛流离。']
['2291026396461291', 'dyo5cej8fid0', '']
['99454441624', '洪哥(飞戈)', '抖音爸爸我爱你！感谢抖音给我这么好的平台！']
['109209253672', '洋洋', '感谢抖音这个平台让我遇到那么优秀的你，感谢朋友们的一路支持，我喜欢学习，喜欢抖音这个平台。']
['3280556620002941', '马云语录ac', '让这世界没人难做的生意！\n感谢关注🌹🌹🌹🌹🌹🌹']
['3597221335406940', 'DA❤️勒东', '谢谢关注！']
['95853035197', '马云.正能量', '']
['3104632301184349', '马总名言', '用心体会生活，传递正能量！\n学会自律，是成功的开始！\n我是马总铁粉，大家创业路上的战友！']
['110246360131', '刘姐：🌹🌹', '本人戏痴一枚，儿时喜欢戏曲，那时候条件不允许，现在恰遇抖音平台，自误自乐！作品均是对口型，相聚抖音平台都是缘分，谢谢大家的关注！祝您们玩的开心！']
['106269376666', '用户2888691594087爱我中华', '西安《生活的理想，就是理想的生活！》']
['62874751564', '会文', '感谢抖音绿色平台，感谢您的爱心💗和关注']
['54996680698', '梅。', '']
['108474484348', '陈贵宣', '感谢抖音平台给了我这样一个展示自我的舞台。感谢朋友们的支持陪伴！我一定会好好地声张正义，做一个正能量的传播者！如果有唱歌听歌的爱好者，可进我直播间，我们共同探讨，谢谢关注！']
['102488496698', '清香幽兰', '感谢抖音这个平台！能够认识你们，遇见就缘分，谢谢友友一直支持和关注。']
['67789464229', '꧁❀紫萝兰❀꧂', '玩的开心就好，谢谢关注。']
['4059028999372861', '鑫哥有梦想0953', '每天给自己一个微笑']
['106269352940', '安溪茶博汇叶素香茶叶店', '———————\n直播⏰每晚9点\n大号在关注👇\n——————— \n需要茶的私信']
['2348174439633358', 'Da-贾乃亮小跟班💕', '关注我，汲取正能量✌️']
['2066699710895400', '靳东❤️小迷妹', '感谢有你\n每天持续更新\n点点关注不迷路']
['1947979470343901', '妈妈咪呀', '']
['289882352391966', '夏夏~', '']
['85403559275', '甜心', '']
['1807246649992232', '傻强逗乐', '我是一个农村娃，希望我的视频给大家带来快乐和欢笑声']
['101935153676', '暖暖正能量', '感谢官方！\n传递正能量！']
['61193425007751', '佳淋', '感谢关注']
['62788836386', '大秀秀\U0001f9da🏻\u200d♂️\U0001f9da🏻\u200d♂️', '喂💕2221253070\n🍑宝    秀秀美妆小店']
['2088702416790926', '混剪段子手❤（利哥）', '新人入驻，请多指教！用你发财的小手给个关注吧！']
['93221600950', '雨蝶～蝶恋花', '感谢抖音官方给予的平台！感谢你的关注！真诚交友，坦承相待🌹']
['108915829837', '莫小妮儿', '农村的琐事\n真人真事正能量\n感谢抖音的分享\n也谢谢你们关注喜欢']
['109972068084', '白爽是也', '一个霸气的剧情美妆博主。\n工作日每天5：20发布视频，不定期直播\n合作vx：kcds1111']
['109844215661', '包肃电子商务', '']
['96578365637', '欧巴大叔', '爱音乐爱抖音']
['624140887264173', 'Da❤杨幂', '感谢平台让你我相遇❤\n关注持续更新！']
['55457219849', '冬去春来', '人生就像蒲公英，看似自由，却身不由己（仅此这一个抖音号）(有赞必回)']
['58217845702', '刘海青~健康导师', '多闪：lhq111555']
['294274844600508', '1828866888', '拍抖音只是为了记录生活，再就是打发无聊的时间，赞不赞无所谓，没人看就自己看，都别当真，生活还是要脚踏实地。']
['99761425332', '七夕小范哥', '我是一名普普通通的餐饮创业者，简单的我，把欢乐带给大家，做心态最好的人《喜欢的☞请加个关注》【生活需要关爱，弘扬正能量】']
['2488909982341021', '对方是你的小学同学', '']
['1363012338071422', '平凡的小树苗', '我是一颗平凡的小树苗。']
['2647237027966083', 'a阿威', '']
['102111604263', '雨过天晴', '开开心心过每一天']
['2167866229006088', '田园贵族生态农业', '生态巴马香猪远离工业污染，大山里放养。不用抗生素和添加剂，绿色健康无公害。']
['3192582734617436', '康辉*正能量', '👉匠心传媒5G短视频实战导师👈\n              👉董事长#康飞翔👈\n👉感谢官方平台👈👉传播正能量👈\n关注我👉了解短视频背后的亿万商机']
['254704240301684', 'A秀儿【大衣哥小跟班】', '待我长发及腰 我们分开可好']
['61796513428', '💍红酒👜', '感谢🙏抖音让我们相遇。珍惜生命、喜欢手势舞、搞笑，正能量、都不精、正在努力中💪🏼希望和优秀的您成为朋友、谢谢🙏您的支持！']
['751717512124776', '抖音神曲', '岁月如歌，风风雨雨会过去........']
['3737956435634263', '❤️钟南山！', '每日传播正能量❤️\n感谢你的关注❤️']
['109634838444', '家襄', '我是性格开朗、心❤️地善良、喜欢我加个关注好吗？']
['105759799671', '贵州夜郎', '夜郎唯一小号（大号叫夜郎）\n大号直播间等各位喜欢夜郎的朋友\n感谢你的关注']
['102104410798', '沭阳👉👉小大哥', '有你！我可以做拥天下！没你！我的世界依然伟大！！！！']
['70077664244', '勿忘我兰花🌸🌸🌸', '别把善良给错人。结识新朋友，不忘老朋友。']
['98032622718', '小超越', '业精于勤而荒于嬉  行成于思而毁于随']
['74759070325', '一只小鹿精', '除了努力还是努力💪']
['103150041525', '《知足常乐》', '谢谢友友关注知足常乐，每天陪你抖出不一样的精彩，感恩相遇👫本人真诚的对待每一位老铁粉👫🌹🌹']
['98575990541', '有计划（荆州人在中山）', '人与人之间就是一份情，一份缘，你珍惜我，我会加倍奉还，你不在意我，就让一切归零！']
['3878690929778832', '悦儿正能量', '']
['1996322879055624', '立姐正能量', '']
['100818790298', '🍓草莓姐🍓', '2020.2.22.，感谢官方，搭建平台']
['1345413828318925', '我在四季如春等你', '四季如春遵义八大碗']
['1024386554406436', '工地最美夫妻•刘大师', '我们小俩口来之重庆市丰都县栗子乡的一个小山村，喜欢唱歌，表演。']
['3759928250209223', '天天开心💓拒绝私聊💓', '谢谢你们的关注🙏']
['102829547783', '欧帝服饰', '☎️：15566329018\n谢谢您关注我 喜欢衣服的请加☝☝\n⚠️非本人回复不要相信 感谢抖音平台 感谢相遇！']
['3315719169388973', '铭诚养殖', '']
['4230514268195880', '单身::：倩倩（求关）', '']
['100470207732', '秋雨潇潇', '美衣舍！喜欢美衣的亲们v我！']
['69446205555', '🍎✨爱的世界还差个你✨🍎', '对方是你好友💋✨👗']
['83574036446', '八一年单身幺妹', '我是一个农村妹子，我就上一年的学，我是八一年🐔🐔，是一个单身的妈妈，有跟我一样的朋友吗？']
['109650446811', '王家小幺妹儿', '做事先做人，做人懂得知恩图报！\n承蒙厚爱，感谢关注！']
['104450544579', '小凉山🌺阿英', '我来自四川乐山峨边山卡卡里面的农村姑娘，没有才艺只有一双勤劳的双手，喜欢我的点个关注。']
['1578530839735515', '巧巧', '非常感谢抖音平台可以在这里认识大家，\n本人来自安徽农村，喜欢唱歌🎤，也爱好做视频，每天晚上八点左右与你相聚直播间\n期待你们的到来🌹🌹\n有喜欢绿幕素材和模板请抖音搜索我小号\nryy080808天空\nV❤️ryy13851235336']
['1921599676622715', '群姐口才训练营', '学习口才正能量，提高情商']
['3157403897442496', '开心不老', '这是今天刚刚申请的小号，谢谢大家的关注和支持']
['197531613012347', '玲珑', '']
['3372892041251431', '快乐夫妻', '传递正能量，把爱带给大家']
['364645540168120', '无所谓，开心就好😎', '当金钱站起时，所有珍爱都是沉默的。当你走上不一样的路，你就要经历和别人不一样的风景......']
['1842390574840621', '许美满', '']
['67264685106', '淡定', '']
['2616457119140488', '恰饭时间', '吃吃睡睡爱生活']
['60557500598', '@燕子💖', '感谢官方，传递正能量\n谢谢关注。感谢抖音上遇见的每一个朋友🙏🙏🙏']
['103627205665', '玲姐好物分享', '非常感谢大家的关注！每天在这里为大家分享各种好物。17786219108']
['105859764120', '成就未来', '']
['100901638920', '开心就好', '']
['70597374155', '傅博涛', 'VX+15024588292']
['106097527823', '诺妃雅', '我叫高红红，86年陕西人\n定居石家庄，有一对龙凤宝宝\n全职带宝宝！\n也经营自己的小事业\n兰研品牌全国总代\n人生家庭和爱自己都很重要！真心感恩每个关注我的你哦！\n日常拍段子是我的爱好！\n希望大家喜欢吖！\n周一至周五下午两点直播！\n找我❤️8759689']
['25094467124', '正能量的妞姐💕', '新人上路 ，关注我，福气给你！\n唤醒爱心，见证真情，传播正能量！\n持续更新中…\n后台V ： 18339720762']
['94274039127', '阜阳萍姐', '潜意识正在操控你的人生，而你将其称之为命运～不负韶华，让我们用心经营美好的人生！']
['4446065636935085', '马儿测评', '']
['51535374715', '萍水相逢🌷74年🐯李🌷', '江西赣州(有关必回)']
['4437248777657411', '口才正能量～红姐', '多开口说话，口才直接倍增；\n你可以平凡；但是不能平庸\n一起交流一起成长一起传递正能量！\n开播时间：\n晚上：九点后（学口才、情商）\n上午：10点（护肤化妆教学）']
['110117067118', 'F哥', '抖音美女千千万，做我自己最好看。\n商务合作V：fangjie333444']
['901231087720387', '小墨', '从166斤到105斤\n我做到了，只要坚持做一件事没有不成功的\n加油陌生人！加油自己！！\n两个孩子宝妈，专带小白，孵化网红\n每天早上直播，寻♈️myx0101621']
['470206691161997', '思语姐', '谢谢这么好看的你还来关注我\n感恩有你，一路相伴']
['99489902911', '飞梅🎶音乐制作', '谢谢大家关注与支持🌹🌹']
['71144185945', '☀ ️', '没有人喜欢孤独，\n\n只是攒够了失望😔']
['4212919294768221', '小丹情感励志', '方向比方法更重要！\n能量比能力更重要！\n传递正能量短视频\n学习\\/：shuang957144605（注明来意）']
['3280561972456967', '勤奋的小丸子', '']
['91733335909', '泉水叮咚🇨🇳（96.12）', '戎装橄榄绿21年，生活过的城市：榆树，长春，广汉，南京，徐州，公主岭，武夷山，桂林。\n欣赏一人，始于颜值，敬于才华，合于性格，久于人品，感恩关注，属你好运🙏🙏']
['69239028750', '辉哥哥', '感谢抖音平台，谢谢你的关注，本人就一个号']
['1996322103889390', '正双健康小课堂', '致力于健康行业多年\n热衷于中医药及健康知识分享\n每天更新健康知识锻炼方法\n为您爱的人收藏关注 ❤']
['734108019600700', '书岂互联网零售店B', '演员\n感谢喜欢🙏\n感谢支持🙏']
['109769534173', '海浪', '谢谢关注']
['2766019227553596', '诗语（情感文字）', '📖喜欢阅读，心静如水📖\n📖喜欢文字，人淡如菊📖\n无名小卒🌱承蒙厚爱。\n我的语录， 您的故事。\n仔细聆听， 细细品味。\n总有一些语录，能让您有所感触。']
['2000732151875043', '热门音乐', '音乐可以愉悦心情，\n好听音乐每天更新！\n视频教学/U音乐+\\/   450248401']
['430611977477246', '最🔥音乐', '谢谢你的关注🙏\n感谢你的支持🙏\n教学+推广+u盘+加V❤86562526']
['3284977365563580', '《宝宝》乐', '感谢抖音平台！\n好的音乐带给你快乐\n每日更新，感谢你的关注。']
['110867216458', '你的马哥', '他已经关注你']
['3667579247539943', '大俊爱健身(晚8点直播)', '一起运动带给你健康，自信，欢乐\n每晚8点直播锻炼，暴汗💦\n健身打卡➕abc97024']
['1560932946019005', '侦探二龙', '带你们看透危险⚠️，\n合作加v ：18306159725']
['92470991380', '夏雨✨初晴', '感谢官方❤️感谢抖音\n感谢遇见❤️谢谢关注']
['901228419365805', '玲捌电子商务', '诚信天下以诚为本，为你的皮肤保驾护航！']
['712080855933244', '花界🌸三公子🌾', '感谢你这么好看，还关注了我！正能量🍃百善孝为先！']
['97304489841', '飞翔正能量', '传递社会正能量。']
['73465107811', '强哥《二哥》', '来自河南周口沈丘的强哥！现在在江苏无锡开餐馆！感谢抖音！希望每天能给大家带来欢乐！']
['1732440467965152', '谁陪我闯荡', '']
['2809951637471620', '吴薇薇', '直播时间下午：1:00-3:00，6:00-8:00']
['3742381356099405', 'A娜姐💃', '❤️感谢抖音平台🌹🌹\n㊗️官方平台越办越🔥\n🌹领食谱V18332853880']
['575770638419214', '小诗颖🌸', '🉑️接广告:Minemine4249\n加好友备注来意']
['2924342704347891', '快乐一生', '三餐常思农夫苦\n日用不忘众生恩']
['888021217457095', '秋星百货1', '感谢官方平台\n我们一直在努力💪']
['553744916554604', '捺写年华', '感谢抖音好平台！\n大家划到我的作品就是缘分\n感谢各位的支持！\n我会用心手写分享更多。']
['60609274697', '松红', '把欢乐和正能量传播给大家']
['4322928775397676', '斯琳', '❤️性感爽快直接的戏精\n🎉努力的美妆博主\n🌈感谢大家，回馈大家']
['2933125985086583', '正能量的小琪琪', '传递正能量']
['99127465868', '用户3846512351570', '']
['3526853393123294', 'Da❤️冯绍峰', '感谢冯绍峰铁粉❤️\n会持续更新❤️']
['111462024819', '小宁哒', '传递正能量']
['102233910831', '素心茹玉', '美好的生活真奇妙\n关注我🐵🐵🐵\n了解更多新奇有趣小妙招']
['92956858737', '东哥正能量', '感谢抖音绿色平台！支持抖音！祝抖音越来越好！']
['96236916105', '工业帮PLC变频器电工教学', '每天更新电工，变频器，plc知识，喜欢的关注我，']
['104662972967', '海哥（张）', '我是一匹孤🐺，为了生活四处游荡！远离城市的喧嚣，愿吻故土的芬芳！']
['62055142602', '不老的心', '吃亏是福']
['4375700828069448', 'Da-马云正能量', '对方已关注你']
['2502128593547630', '我的快乐就是想你。', '喜欢我的作品的可以关注我。每天都会更新。']
['98841761028', '晓阳先森', '谢谢你这么漂亮还关注我😊']
['101813808395', '悠悠正能量', '谢谢关注']
['108014352059', '西瓜科技', '有趣科技好物，投稿v:51725678\n更多生活好物，关注公众号：智想乐活']
['58802768107', '墨石剪辑', '👉👉持续更新电影剪辑👈👈\n      👏👏喜欢＋关注👏👏\n          希望大家多多支持']
['64698687648', '开心幸福（河南信阳）', '']
['71425084963', '安溪茶都盛然茶行', '唯一薇：529233890\n\n注意⚠️主动私信和关注你的人，小心上当受骗，咨询请私信联系我，']
['97825733771', '三哥', '每晚8点直播\n商务（v887803393)三哥']
['54853042670', '黄有光', '微💕13711152481']
['553761830609471', '马云说商', '💗:  hy883311']
['3971044667826455', '思茹', '']
['417412221764877', '石榴榴阿', '不定时开播❤️\n做我粉丝，我宠你😘']
['66547603059', '百变悠悠', '心有一面镜子，照人先照心，人有一份自知，责人先责己，来者是客，多谢你的支持与关注，希望我们能成为真正的朋友']
['241521827256859', '美妆达人-糖宝', '90后农村宝妈逆袭之路💗\n👀ZH745620']
['3021058637053469', '陈小青', '谢谢你的关注']
['2915554651283268', '骆珞', '大气主播 在线送🎁\n变美的路上我陪你 ❤️']
['99493598297', '杰先森（蛋糕西点师）JS', '热爱裱花，热爱斗音平台 学➕V ：19156871602\n蛋糕 西点 法式西点 私房甜品 翻糖蛋糕 韩式裱花 拉糖天鹅 巧克力制作 烘培面包 果茶 甜品台 气球🎈\n每天晚上7点半直播教你们做蛋糕甜品等你们哦❤️']
['3320170952790696', '皇后娘娘呀', '感谢抖音🙏\n要败就败给奋斗，要输就输给努力❗️\n感谢你们那么好看还关注我😘\n❤️hsx13893322405']
['51929767324', '爱上玩具故事', '']
['17519090643', '加油！楚开心', '楚家有女名开心\n转学第一天，因缘际会结识三位帅气公子，又被一众难缠的富家小姐盯上，我太难了...（每日更新）']
['80339520882', '于子蛟', '培训电商带货达人、提供全网全品类名品优质供应链\n注意：非以下合作勿扰、请精准添加对应的联系方式\n品牌方带货合作、佣金+坑位费模式📱w915968347\n高粉达人带货培训达人提供供应链合作📱❤️LPD999  \n百万以内粉丝达人培训带货供应链合作❤️597026663\n零低粉丝达人培训带货授课合作📱❤️ yuzijiao8888\n蛟哥专属每日特价优选产品粉丝群📱❤️yuzijiao444\nV博  于子蛟']
['610972383329534', '义成百货', '努力向上的90宝妈\n爱孩子，爱事业，爱清洁\n为您分享去除污渍小烦恼\n真心感谢每一位关注我的您❤\nV❤:463518837\n官方合作👇']
['166720347046925', '许十四', '商务合作\nV:hhang6888']
['76035581181', '抖音游戏', '']
['4419661265910699', '用户421728851218', '']
['103321129888', '风在吹', '']
['93253550430', 'ZZ', '']
['68187804638', '梁', '']
['1732431185450763', '晨新', '一个喜欢音乐的阳光男孩！']
['95104319748', '警花', '带你看全网最暖最正能量视频']
['2009558511267139', '飞跃924', 'Fm92.4你喜爱的电波，每天与你快乐起步，永不停步！']
['96786118275', '云梦融媒体', '【欢迎大家投稿】\n您可以将事件现场、视频监控或图片资料等发送至邮箱：2771262841@qq.com\n“梦”见美好生活，云梦融媒体邀你一起来happy']
['111473736569', '民山大叔', '']
['70847468402', '天山童颜', '']
['3034248752671966', '育儿小课堂', '💗Yang07040320\n👶专业从事育儿教育8年\n🌹热爱抖音热爱官方']
['60033856483', '美食美刻', '每天分享美食教程喜欢就加关注吧，所有调料厨具基本在楼上，合作胃z2004828']
['81719327676', '齐鲁频道', '齐鲁频道唯一官方帐号\n投稿请私信或@小编哟❤️']
['465792206115652', '中医李医生', '各位网友，本人因门诊工作繁忙，请原谅我不能一一回复您的私信和评论。可以点一下关注，每天分享健康科普知识！祝大家身体健康，阖家幸福！']
['98532394146', '掌心长兴', '在掌心 看长兴']
['101431346201', '内蒙古包头消防', '有态度、有深度、有温度、等你关注！']
['111369339923', '老牛🐮', '支持绿色抖音平台🙏《伤感同框》']
['97113063534', '南昌广播电视台', '']
['96748589066', '南京发布', '']
['2440560915789564', '音乐汇', '😘感谢抖音平台\n🙏承蒙关注，不胜感激！\n商务合作 音乐tui广：15207739352（备来意）\n6陪汽车车载U盘：15207739352（备来意）\n视频教学：15207739352（备注来意）']
['96873080320', '꧁忘🍀忧🍀草꧂《互铁》', '《互活粉》\n谢谢那么优秀的你关注了我💛\n你关注了我~我就是你永久的粉丝💙\n时光不老我们不散💚\n白天上班忙，晚上看到回复❤️\n如果没有回复到位的评论区留言💜\n爱抖音💜爱特效💙爱你们💛\n么么哒💋💋💋']
['2700016633777694', 'dy6mjv29af4a', '']
['3619210560014856', '吴宇轩', '👤Ta正在关注你\n是你心中想要的宇轩']
['93475549117', '瑞丽市翡标珠宝有限公司', '全天24小时开播，缅甸边境源头，谢谢关注！珠宝鉴定师与您一起玩嗨缅甸翡翠！感谢官方感谢大家🙏']
['153540120283453', '万家宅配', '万家宅配     宅配万家\n中国首家装饰建材商城平台']
['13673337833', '田月舟国风舞蹈', '感谢您的关注与支持🌹\n独立编导|青禾舞集，汉唐古典舞研习人 \n艺术创作及媒体合作等，請加wx:tina-t78']
['1890780745566685', '125421kgg', '']
['110564633034', '快乐女人', '53岁的人生，一样精彩！！\n❤：hh1352729']
['76641492607', '2206312819', '']
['61335740642', '董事长  ✍🏻️  七七年属蛇 🐍', '董事长，长相一般\n玩抖音，不接受反驳\n也不反驳别人']
['69092266830', '夏紫莲', '穿有质感衣服，找有质量的女人，谢谢你的关注，，，，本人只有一个抖音号，其他均为冒充']
['72105951530', '慢步云端 《58年的老奶奶》😜', '多一个朋友多笔财富，珍惜缘分。']
['104678546866', '台州海轩纺织科技有限公司', '生产箱包布料生产厂家，生产的面料品种齐全，同等价位质量上乘，产品畅销国内外，用于妈咪包，布衣柜，拉杆箱，收纳箱，休闲椅，帐篷等面料。                                                                                                                     谢谢您的关注!']
['3188221193751996', '茶都正文茶叶店', '18050766118做好每一件事，该来的都在路上。谢谢关注！']
['66437128503', '🌹君君🌹', '洁身自好就是白、自力更生就是富、内外兼修就是美、做更优秀的自己🌹🌹🌹感恩有你🌹🌹🌹晚上八点半直播间不见不散🌹🌹🌹']
['2752797583900173', '爱笑的眼睛', '']
['2400954873551229', '『嶶16728432169』聊聊', '']
['94252671027', '回眸一笑😊 🌻', '宁可做个善良的人心安一辈子，也不愿做个虚伪的人算计一辈子！认得清自己不在乎别人怎么点评。我需要你的指点，但是我不需要你的指指点点。👌\n本人仅此一个抖音号！💋\n更不会主动加微信，忘大家不要上当受骗🙏🙏🙏']
['2524081149984350', '夏天（单身中）', '']
['50785040893', '威远-阿勇', '感谢你的关注里有我\n 没有太多的才华\n 生活搞笑   只为博你一笑\n欢迎投稿\n每晚7点直播']
['108075996471', '木偶爱做菜', '日常美食分享，感谢关注和支持！']
['105253749967', '白哥剪辑视频', '感恩抖音，感恩遇见。\n每日更新，每日期待。\n同一个剧，不同的精彩。\n交流15933693392']
['975971149954775', '颖子教你瘦', '本人轻松瘦20金\n变瘦♥️：pangjinying001\n让你变美变瘦变漂亮\n遇见更好的自己']
['2559254687131672', '新奇科技', '关注我，带你了解更多新奇的事物']
['99005770204', '大滢妈妈爱做饭', '妈妈的味道 \n岁月越久 味道越浓 \n..\n志当存高远，烈马踏草原。\n苦尽甘来时，必有出头日。\n...']
['4059003915613435', '护肤口袋', '魔法口袋为你开放💕']
['50122833864', '武夷星茶业 田田', '茶如人生，人生如茶！']
['110767941753', '自然搭档', '好看的水果千篇一律，有趣的吃法万里挑一']
['1543368105006536', '合善国学', '传统文化传播者\n易学文化传承师\n国学文化讲师\n东方美相创始人\n合善国学院长\n建筑环境能量学导师\n解惑🍎hsgx76867']
['101304935448', '会变身的九九', '没有什么事，是化妆解决不了的。\n粉丝群🛰️：DY1124891865\n商务合作：gumai889']
['84834340544', '诗艺美学礼仪课', '分享礼仪知识，传播礼仪文化']
['72210704447', '娟🌺娟', '微信与抖音号同步']
['98731386919', '易点租', '免押金租电脑 就选易点租，随租随还 低至65元/月。']
['72111287295', '恩泽园艺', '喜欢养花一定要关注！视频中那些花肥就在下方《查看店铺》']
['1473001329529128', '电竞王副校', '不定期发作(品)的段子手😂\n爱打游戏🕹爱看美女👩🏻\u200d\U0001f9b0\n粉丝交流VX:dianjingbuzhanguo']
['104285593822', '创业者商学院', '提供企业线上托管服务\n帮助企业完善管理规范\n实现企业业绩快速增长\n我们的目标是帮助企业\n用一年时间实现股交所挂牌\n用二年时间实现全国布局\n用三年时间实现登录新三板\n用五年时间主板上市\n十五年上市公司管理经验\nVenture  Capital  GP\n日本京都大学管理学硕士']
['2484549754817335', '我相信会更好', '主营瘦\n苗条衣➕V   499830285']
['3179403441868603', '空姐教你学礼仪', '国际ACIC注册高级礼仪培训师\n国家注册青少年高级礼仪培训师\n擅长体态礼仪、社交礼仪、家庭礼仪、餐桌礼仪、公共礼仪等\n  ！  ！！周五晚八点直播！！！']
['92906242123', '王者荣耀清歌呀', '商务:danwang1602424921']
['86392577515', '王者荣耀小潮', '又来看我，是不是喜欢我！\n虎牙直播：201314\n欢迎来撩！']
['99391741397', '王者荣耀小埋', '感谢抖音平台']
['93857340815', '王者荣耀贝玲妃', '国服关羽贝玲妃\n王者荣耀巅峰第一女边路\n🐯牙直播:贝玲妃']
['102164825923', 'M王者荣耀.宇轩', '我就是自信，我最胖！！！']
['65820150136', '王者荣耀美食家', '一天上国服的男人 单排最高138连胜\n谢谢你的关注\n🐧：3116958722']
['3443283390907656', '杨杨的芊宝🍼', '']
['97913957640', '每天幸福', '']
['64453719356', '皮皮很正！', '感谢关注  承蒙厚爱\n每日更新❤️']
['3337734104553324', '金牙奶奶', '认准全网唯一【金牙奶奶】\n3月27、28日晚上8点直播\n金牙奶奶和调皮孙子的战争日记\n看完不关注，拐杖身上住\n合作➕V：xbdsp88']
['1490586791851597', '一路向善', '在党和祖国的光辉沐浴下坚持自强不息！坚持一路向善，报答伟大的党和祖国养育恩。']
['93317011485', '龙伍', '海哥哥正能量段子手，希望大家多多支持😘。\n喜欢的朋友们留下你们的❤❤❤❤\n感谢各位的关注❤❤❤❤\n多谢抖音平台推荐。']
['88820194747', '三哥有点扯', '陪伴是最长情的告白，而守护是最沉默的陪伴。一起发扬正能量，该出手就出手。']
['3883126392882435', '一个人的莎士比亚', '以“我”的角度，讲述抗疫故事\n交流vx：18411061005，这是vx号不是电话号\n本人并非医护，因为妈妈是医生姥姥是护士，所以对医护有很深的情愫💕\n故事中都是真人真事，不喜请轻喷❤️❤️\n欢迎把你看到的有意义的故事投稿分享给我\n我只有这一个号\n😊其他与我风格雷同的，跟我没有任何关系']
['62242918457', '潇洒走一回', '贵州，凤冈县人，山歌爱好者。']
['3368508868011180', '敏姐正能量', '传递正能量靠大家  yongmin88886666']
['4217330052118883', '旺华教育', '感谢抖音短视频，传播正能量！']
['103017985776', '龙', '我是息烽县，鹿窝乡，胡广村，高寨组，我姓龙，六零年的。']
['56641295311', '福泉的哥', '宋选江']
['1103517383139576', '冯金梅627', '']
['87717838552', '蒙亿网络科技', '每天一款试驾🚗']
['2264639878729469', '妙妙爱你哟', '🤔假如生活欺骗了你\n☠️那你就骗骗自己\n🤒生活小妙招，每日更新呀！\n🗣快来关注!快来点赞！\n❤️妙妙爱你们呦~']
['102257886453', '装修小陈', '分享装修知识，让每一个家更有温度，❤️1286607342']
['2000758766839021', '严选选', '']
['111534141531', '减脂达人巍姐', '🌹感恩抖音平台🌹\n🌹每日更新shou身食谱🌹\n╭────────一一一一──╮\n🌻 售后➕减脂营：kexin751209🌻\n╰────一───一一一───╯\n╭────────一一一一──╮\n🌻 学习手绘视频：kexin751209🌻\n╰────一───一一一───╯']
['99519620242', '远达财商正能量-建伟', '']
['4463658196275566', '松哥扒拉事', '松哥扒拉事；开心又解闷！\n\n每天下午两点播！晚上八点直播！']
['110736460231', 'Run with the dream', '↑↑↑↑↑\n👤正能量书单账号\n \n点击上方视频同款书籍，为成长助力！']
['1187064607154935', '汽车知识点', '用车，养车，知识持续更新']
['4336083647096936', '三屋百货', '关注南山中医世家\n分享健康小妙招❤️']
['101643871323', '火狸网络工作室', '视频中没有链接的\n橱窗里面基本都有\n自行查看\n找不到来直播间找我\n晚8～23点直播（特殊情况外）\n有问题私信']
['65618708222', '因而、然而', '你是为了生活去工作\n还是为了工作而生活\U0001f928\n👇\n👇\n希望以下知识能够帮助您\n——有不懂的，可以私信']
['109185318988', '悟即是空', '👆干货都在这里\n近我者暴富🌟\n分享是一个过程🌈有你有我']
['4463659603733613', '超级买手燕姐', '老mai手一枚 踏足短视频，共同学习一起进步，抖音，记录成长。']
['2634030177584008', '江姐', '幸运数字:qjjw8686 爱生活爱运动，希望能给你带来快乐❤️背后没人没靠山，家里也没有矿，传递健康与美丽。谢谢你的关注与支持。']
['575779451184524', '江州广云', '爱花之人，皆是幸运之人(私信cc970077)']
['1719266990373123', '山竹WPS表格教学', '每天更新WPS Office 2019 PC版 应用技巧']
['96246302780', '佳吉电子商务', '每晚七点直播\n15542738561']
['95468371650', '闯王蒸汽洗车机厂家', '有品质，敢担当，好男儿，选闯王！\n👇👇👇']
['105903736904', '用户2817709726225', '']
['96632084294', '.秋雨用户8826978', '每晚8点直播，本人只有一个抖音号，其他均为冒充！大家谨防受骗，谢谢大家的关注和默默地支持🙏🙏🙏']
['3601645405209454', '星哥正能量', '正心正念正能量\n感谢抖音 传递正能量']
['2783605195539308', '希望成功', '●所谓的贵人，不是直接把钱给你的人，而是开拓你的眼界，纠正你的格局，给你正能量的人!']
['628533744113324', '静心', '']
['61267992597', '王老二', '情感段子手']
['102033212843', '阔落饼', '这个人很懒什么都没有留下']
['3021113351482205', '小小精灵', '农村养殖业']
['82112043142', '过眼云烟', '因工作原因上午九点半直播～晚七点半直播！！！谢谢大家的关注与陪伴🌷']
['4318470457541800', '小韩韩&', '初心易得，始终难守。好好爱你爱你的人。                               人生最大的幸福 ，是发现自己爱的人 。                                 正好也在爱着自己@喜欢我就点个关注吧！😘']
['72830117714', '口口香凉皮(李磊分店)', '学习下方有联系方式']
['101669998803', '【苏州】征哥', '走正确的路 结有缘之友']
['751701201790583', '🔥 ღ᭄ꦿ亦默࿐', '🔥承蒙大家厚爱，感谢各位关注！\n🔥直播时间：上午8：00～11：00\n                        晚上8：00～12：00\n🔥YIMO101026\n     ❤️\U0001f9e1💛💚💙💜🖤\U0001f90d\U0001f90e']
['83871869064', '悦悦奶奶', '只是为了自己玩的开心，认识一些新朋友！']
['15799171940', '朱丽诺', '你这么可爱还关注我，你一定很优秀👍👍👍\n欢迎投稿，商务合作v:zhuzhu19950309']
['4270159470005436', '香蕉不娜娜', '每一份坚持都是成功的累积，只要相信自己，总会遇到惊喜!']
['817644331087677', '用户4864625649702', '']
['2554901722570183', '💅🏻玉 姐🌷', '']
['2343803961219565', '山咔咔的农二哥', '茫茫人海中穿行，我怎么开心怎么活，不管别人怎么看我，活出自我才是最开心的👮']
['63232312387', '可乐哥金波', '谢谢你们的点赞和关注。爱你们。么么哒']
['55527894545', '荷叶莲莲625', '']
['106073637150', '伟大🉐钟南山', '感谢抖音官方\n\n支持传播正能量❤️']
['74477683497', '彭菇凉🌺', '爱行天下，情满人间\n传播正能量❤️']
['93291561404', '小丽', '谢谢你的关注！']
['3210186532611495', '刘林静', '我只为传递正能量，不喜勿喷，感谢大家初来抖音多多关照']
['3865475655941336', '高居士', '爱好唱戏的我！']
['3073843499370195', '白雪🌶️', '']
['2678028405847939', '悠悠太姥姥78岁', '我今年七十八岁有五个女儿人称五朶金花我迷上抖音了我特别开心快乐幸福']
['102901541390', '邹平融媒', '讲好邹平故事，传播邹平声音']
['105231097882', '君子郑兰', '']
['4441644060917550', '真正的马云', '感谢抖音平台，让我们一起努力奋斗']
['97474223548', '王恒业', '']
['426231990326931', '蛋花cici🌼', '可盐可甜精分少女✨\n无敌宠粉的小蛋花😎\n关注我❤️做你们的开心源泉！\n沙雕日常+好玩好物测评+宠粉系列😝🌈\n\U0001f9e3围脖：蛋花cici👉🏻日常美照和生活碎片\n不定时直播～（蛋壳们不要错过和我的聊天哦\U0001f964)\n❕合作+VX: csmd03']
['2651633952761851', '瑞瑞麻麻的美妆日记', '谢谢您这么好看还关注我\n变美➕2店（X123555688）\n变美➕1店（xyg1243096310）\n每晚6:00教化妆']
['63668608582', '🔥小荣驰', '农村视频\n 味❤️  AAGOe1314']
['105323196241', '精致少女Abby', '我是Abby（艾比）\n一个被演技耽误的美妆博主\n嘴硬心软，但很宠粉❤️']
['109016623780', '茂名霞姐', '感谢官方和大家的支持与关注🌹']
['1147529408820094', '花彦子', '👤她在关注你了哦\n山卡卡飞出来的感觉真的不一样\n一个集温柔和霸道于一身的美妆博主\nv：huayanzi111\n星图：zuzu2820\n（\U0001f91f让你越来越美的好闺蜜）']
['105122928985', '万金油😄', '正能量！搞笑艺术🤗\n给别人一个微笑，就赢得一份舒心♥️\n人生何其短，笑到白头时😄\n感谢抖音平台，感谢各位有缘分的朋友🙏相遇网络，能给关注👍赞，万分感谢💝祝好人一生平安🙏每晚9：00直播间欢迎你🔥']
['99799436409', '优优爱舞蹈、古筝', '优优是个懂事善良的小女孩，热爱舞蹈和古筝，学习也很用功']
['676893693315662', '开心的小游戏', '（商务合作加）7175103\n🍥 感谢官方平台\n💡 爱玩小游戏\n❣️ 每日更新  关注我一起玩游戏吧']
['3144223461736648', '韩一姐姐', '感谢平台\n传递正能量\n声音不温柔但内心强大的正义大姐姐\n商务v:A17737772687\n粉丝v:18595651165']
['94845555403', '蹦极阿东', '万般皆是命\n        半点不由人\n❤️：1105014177（备注来意）\n置顶作品是作者本人！感谢关注🙏']
['4142548246345276', '小古拉', '我是一只可爱的小古拉\n谢谢你的关注爱你呦……\n直播时间20:00-22:00']
['63296896966', '莎莉薇芝', '每晚19:00～21:00相约直播间\n我是博丹创始人，感到迷茫时\n希望我的故事可以给你力量❤️\n商务V：13960368138']
['110021813358', '南国琴宝', '我一直有个梦想…']
['93851902388', '气球叔叔工作室', '踏实、务实、勤奋、责任']
['68286043522', '淺淺の嘚', '关注我，为大家更新更多精彩视频']
['61302909667', '热心小达达', '你好，陌生人，希望你们能多了解我']
['71912868448', '大狼狗郑建鹏&言真夫妇', '我们夫妇只有这个唯一大号\n希望我们的创作，能给大家带来快乐和正能量😊\n我们只是一对平凡的广东夫妇，感谢大家厚爱🙏\n宠粉，是因为真心感恩❤️\n丈夫是歌手，妻子是模特🌹\n粉丝宝宝们＋：dalanggouzheng']
['1398197030224584', '南南南', '感谢你们的关注']
['61576721613', '今生无悔', '每天热歌推荐喜欢的关注 感谢大家支持']
['93394010204', 'James', '维有界，思无垠']
['101344958011', '尘风', '传递正能量，世间充满爱\n十年传统电商人，挑战带货\n只做一件事\n工厂-老铁们的纽带\n不断努力，做的更好！\n感谢每一位关注我的人\n你们的支持，是我前行最大的动力\n供应链加v：wj911911qqqq']
['105346640686', '湖北恩施电视台', '爆料、有趣、暖心、好看\n感谢关注😊祝您健康平安！']
['92904119248', '格尔木市融媒体中心', '格尔木市官方媒体！']
['109174482413', '（青红）一帆风顺', '有红❤️才是真']
['108361545835', '【追忆】', '非常感谢抖音平台，让我可以看到全国人民！\n支持抖音，支持正能量！']
['3918309164855495', '冷艳双', '剧情中是霸道冷酷多管闲事的冷艳双\n直播间是调皮可爱亲民宠粉的皮皮双\n每晚20点直播，期待您的出现……']
['96674718196', '雪桃王种植专业合作社', '桃苗:中桃金阳，金贝黄桃，中油蟠九，中油蟠七，雪桃桃苗等等……种植新品种桃苗-找宝哥！专业种桃30年！技术免费共享！免费提供视频教学指导！']
['786847425113197', '百合姐姐5520', '']
['103929335665', '小精灵', '记录女儿的快乐成长时光\n合作vx：450159219（注明来意）\n宝妈vx：17803568542']
['1468568628373688', '小迪✨', '']
['624140919778895', '花红绿叶🌷🍀', '感谢抖音，让我们美丽相遇！谢谢大家支持谢谢大家观看，感谢大家了路过。美好的时光！']
['110276613137', '-小燕吖', '喜欢交朋友']
['3302585945555373', '熊二真可爱', '感谢抖音平台能和大家相识🌷愿好人一生平安🙏']
['73796362099', '婉约女人', '60后的我感谢大家！传播正能量！支持正能量！有你真好。开心快乐每一天！多多支持和关注！']
['4300907024231023', '七夕', '']
['102046078107', '春天里的希望', '苗条衣十  V    \n3690   25315']
['96787106910', '初一海鲜美食', '那有努力天天输，那有小孩天天哭！\n         🙏🙏🙏家住海边带你吃遍海鲜……']
['73871469436', '幸福村⚜️友大锅', '高兴就好！']
['3575241495551796', '减肥美食琵琶精', '减肥美食琵琶精']
['70402117542', '机不离手共享太平', '真诚待人，诚信做事！']
['93304265604', '随喜', '浮生若茶']
['3337743421145555', '白杨', '感谢抖音官方。']
['1820389605911164', '克俊百货商店', '感谢关注，不定时更新哦。']
['96560153473', '天天快乐', '']
['10109887499', '心玲琐', '纪录美好生活《互铁粉》谢谢🙏抖音平台让我找到了快乐🙏']
['2999087438244615', '马云❤️❤️', '姐姐领的人多，等等在安排']
['1279479915227300', '帆哥哥', '感谢抖音传递社会正能量。']
['99684062448', '春花秋月《拒绝私聊》🙏🙏', '人生，相识容易相守难！人与人之间相处，多一份理解，多一份包容，多一份真情，就多一份温暖！懂得珍惜才值得拥有！传递人间真善美！传播正能量']
['747268123140164', '小龙女正能量520', '感谢大家支持']
['104796718396', '雨夜想你💖', '']
['110678564401', '许哥', '']
['110563468414', '💐花样年华💐', '谢谢你的关注']
['4015070990831912', '℡姐、狠拽', '感谢抖音官方，']
['51921497865', '全民拼团', '']
['3320160423523932', '励志LG', '宁欺白须翁，莫欺少年穷，未来有万种可能，改变从现在开始，加油！']
['1314657250063230', '丽华百百货店G', '']
['2968281383442471', '墨牛', '墨牛的奶奶']
['3456478850850327', '天天开心！', '']
['3755552814140317', '白洁✨', '']
['2858323434020990', '汇汇音乐', '感谢官方🙏🙏🙏🙏\n感谢抖音平台🙏🙏🙏\n感谢大家的关注🙏🙏\n感谢大家的点赞🙏🙏\n我会努力更新好每一条作品的']
['108073092368', '轩阳（影视剪辑）', '♛热爱剪辑 多多支持♥\n♛感谢抖音 感谢关注♥\n♛坚持视频原创 每天更新视频♥\n♛合作交流➕ xm12131129']
['104227618122', '影视剪辑大全', '🍃爱生活    爱剪辑！🍃\n🍀每日更新 感谢抖音！🍀\n🔥 合作: zp520t 🔥']
['3825916138238587', '音乐汇01', '😋感谢抖音平台\n🙏承蒙关注，不胜感激！']
['1569749394002958', '小刘爱剪辑', '感谢你的点赞与关注🙏🙏🙏\n感谢抖音平台🙏🙏🙏\n定期更新你喜欢的影视作品👏👏👏\n剪辑合作+教学V:  2103891757（收徒）\n作品更新时间8点,12点,16点,20点']
['259094189455293', '你的豪公子', '何德何能 何其幸运 感谢喜欢✨\n一个有故事的男同学\n合作VX：GF36688']
['92977763488', '韩饭饭', '每天晚上7:30直播\n津笙乐道DR\n私v：wxx16969']
['3122211218523038', '热歌音乐', '感谢官方🙏\n感谢关注🙏 \n💖一首歌一个故事\n💖每日更新，感谢你的关注🍀\n🍀抖音教学➕♈️bochen0122🍀\n🍀车载优盘➕♈️bochen0122🍀']
['78801361172', '你的音乐', '感谢🙏抖音平台！\n感谢🙏大家关注哦！\n承蒙关照，定期更新！\n视频 学习v❤️MKTXGS']
['108782028340', '李公子', '❤️只属于你的李公子\n❤️每天晚上20：00直播，不见不散\n💕我不怕千万人阻挡，只怕自己投降！💕']
['1908352683624760', '威幂音乐', '🌺感谢抖音提供平台🌺\n☘️视频剪辑、视频教学+V：comeshifu☘️\n🌹无损车载U盘、CD盘+V：comeshifu🌹\n🍒音乐宣传+V：comeshifu🍒\n✨短视频交流/学习weikessss✨']
['3830339481899580', '王开兴', '不一样的人做不一样的事']
['110559629593', '阿紫带你美', '变美路上做我的女孩，我是阿紫\nVB：阿紫带你美\n合作vx：fenglou22']
['2453715047160635', '橙子正能量', '']
['1556517575462395', '小艾追剧', '💝走心追剧  用心剪辑\n🙏感恩遇见  感谢支持\n🌈每天更新精彩好剧  \n👉收徒  学习交流  xiaoai_198511']
['100718902629', '1091146740', '']
['67442187997', '元气林小畅', '传递正能量，做正能量事\n奋斗路上很孤独 期待有你（关注）\n✌️:CYQN666520\n团体招❤️，欢迎交流\n每天晚上8:00，小号直播，小号在关注列表里']
['56964851465', '你的李鑫', '爱你，爱世界❤️❤️❤️\n合作V：xiaolz520（工作v非本人，非诚勿扰）']
['4278930669047212', '杨先森', '👉上方橱窗有惊喜☝️☝️快去看看吧👈\n💖不忘初心，方得始终💖\n💖承蒙厚爱，倍感珍惜💖\n🙏感谢大家的❤️❤️支持与关注🙏']
['107860584710', '我们相遇在抖音', '台上做戏 台下做人 不喜勿喷 喜欢音乐 喜欢交朋友  喜欢制作各种视频 合作V:19925968268支持抖音绿色平台']
['3720342511822883', '李冰', '']
['3091482961263384', '1527', '']
['3496078106955659', '婷大', '感谢平台，每天更新情感语录\n感谢相遇，你的情感我来解读\n感谢相知，最好的年龄善待自己\n每天制作短视频，想学习交流\n👉15979039571👈(注明来意)']
['103538825606', '槐树花开', '谢谢友友们有赞必回，有关必回。拒绝私聊']
['1292636947220206', '丹不百货A', '']
['2559282853194590', 'Da❤️成龙', '感谢你的关注与支持🌹\n持续更新成龙最新动态🌹']
['1380595000165448', '心意如水', '知足常乐，感恩遇见🌹']
['2634074590032574', '哈尔滨饼哥', 'HEB5888G\n喜欢的双击加关注，美食每天更新。']
['237086981759261', '宝哥(正能量)', '谢谢你的关注！\n传递正能量！\n每日更新！\n请期待！\n加油！\n❤️']
['83902245117', '搁浅的季节41', '时间会告诉我们，简单的喜欢，最长远；平凡中的陪伴，最心安；懂你的人，最温暖。']
['62328587077', '叶迪迪（大腕娱乐）', '持续更新：正能量网红.明星.名人八卦！！！\n感谢抖音平台，支持传播正能量\n承蒙厚爱.感激不尽。谢谢大家的关注。']
['101842684893', '冷月han光（拒聊）', '在烟花慢舞的地方等你']
['2449348418869291', '刘氏家族', '🇨🇳谢谢大家关注🇨🇳                                                                               🇨🇳祝福大家在抖音玩得开心🇨🇳                                              🇨🇳✌✌✌✌✌🇨🇳']
['3122222521393976', '广州粉然贸易', '❤️感谢关注❤️\n❤️传播正能量❤️']
['1363011300502735', '正能量传递', '传递正能量，传递爱\n点点关注不迷路\n感谢有你']
['67109735514', '余生有你七十五', '除了讨论特效的拒绝私聊   想学特效的可以找:']
['98407267098', '小佳佳', '♚']
['59273368367', '小🐟嫂', '每周日中午12:00/14:00直播']
['106101223674', '今生有缘。', '本人不求大富大贵，只求我爱的人和爱我的人平安健康🙏🌹快乐每一天，我爱我的家']
['2823163098708472', '伤感日记薄', '表现的是一个纯粹，善良，愿意为自己爱的人所默默付出的人。看见心酸的就抱抱自己，看见诙谐的就哈哈一笑吧。该过去的会过去，该来的总会来。\n✨ 有什么建议或意见请留在评论区\n✨ 记录酸甜苦辣']
['13170372907', '👄苦咖啡👄', '有关必回']
['64305334345', '@张国立❤', '感谢朋友们的关注和支持！❤']
['97317530437', '闫凯信', '本人暂时不玩抖音 了 感谢大家这么久的支持']
['57790650940', '旧城梦境', '']
['4419681379171015', '我叫小杨妹', '坏头像']
['71558535496', '嘉祥县永恒特种动物家庭农场', '原创视频点击管方电话+就可以👇']
['72684591445', '鑫杰仔猪购销中心', '我是80后来自沂蒙山区的养猪妹子，常年自繁自养沂蒙黑猪🐷，长太二元母🐷，太湖高产母🐷，长白大白种公种母都有，繁殖能力强产仔量最多的优良品种是咱老百姓发家致富的好帮手👍']
['3087020029119335', '鼠年三顿饭', '感谢抖音提供绿色正能量平台\n农村姑娘记录生活']
['52104162758', '且行且珍惜', '']
['106754585799', '二妹（特爱舞蹈）', '爱跳舞的二妹上午直播其余时间不定时的直播。谢谢每一位支持二妹的朋友们🌹🌹']
['3663194635375768', '泉山区聚贤港熟食店B', '199-6196-0337']
['3320119988595331', '爱虎传媒《贝宁》', '爱虎传媒出品 传递正能量从我做起']
['104655987899', '姐的苦你永远不清楚。', '谢谢关注，重庆妹子，云南哥，']
['77993534687', '老董特效', '特效代做(学习)\nv⭐️540950060']
['3562006863162910', '郓城鸿阳养殖..', '13608913851']
['111259213739', '古十', '']
['593377573741015', '龙宝正能量～', '遇见你是我的缘～']
['96359429605', '白仙姑', '❤️VX：15809202562\n谢谢大家关注']
['1257439401884691', '🌟🌟星星正能量', '']
['111239343373', '开心每一天，阿', '👱👯👫👲👲◟(.öˬö.)◞来份🍉']
['94057541093', '大坤鲜果店', '感谢官方提供绿色平台，我是一个八零后的农民，有机会能和大家在这里相识，出生于农民，馈于百姓 ，也会在这里帮助更多的农民，不忘初心，方得始终，请大家帮我点点爱心点点关注，谢谢你们🙏🙏 \n不要相信任何人私信给你们！以防上当受骗！我们不会主动私信任何人！\n视频中小黄车可以直接下单，点头像去橱窗也可以下单！再次谢谢你们🙏🙏']
['106748505635', '心想事成', '前世扭断脖子的回眸，才换回今生的相遇，且行且珍惜。']
['104553173581', '幸福的港湾', '']
['67797145473', '最美的花', '最美的花']
['92278340173', '爱拼才会赢', '如果注定是过客，何必当初来招惹？']
['78295858867', '吸一支烟望天空', '感谢🙏抖音平台！让我拥有了这么多善良的家人！很多的人和事让我感动着！也让我学会走过，经过，尝过，还是平淡最美！听过，看过，想过，还是简单最美！我爱你们每一个人！']
['110933448166', '无花👍🌹🌹💫🌟', '']
['95936822181', 'So', '何仿 何必 何其荣幸！']
['110285069344', '桂友庆', '懂我的人不需要解释不懂我的人更不需要解释']
['99280846651', '罗姣', '❤️以歌会友V信luojiao6789\n\n❤️我叫罗姣～来自湖北武汉\n❤️爱唱民歌 红歌 传递正能量\n❤️每晚九点左右直播 欢迎来听歌']
['106799203807', '王美成', '只要心态好才能活得更快乐，恒开心！微信号13979023089']
['3087022102678559', '这年轻人', '传播正能量，弘扬中华民族传统文化和美德。抖音记录美好生活， 仅是娱乐，别无所求，你开心所以我快乐。']
['111004334427', '《赵小维》《拒绝加微》', '《对口型我是认真的》']
['338282128875091', '回忆@777', '爱生活爱跳舞💃']
['63612338365', '秀英', '']
['94774612858', 'a19962017017', '']
['4283308246827518', '晓蜜正能量', '我是抖音新人，希望得到大家的喜欢支持和照顾，感谢这个绿色平台传递正能量！']
['61989306054', '刘三', '']
['1736873949273139', '愚丘', '']
['82152557762', '高永梅', '舞动人生']
['106458865666', '用户305846609260', '']
['448210388397246', '欧亚丽', '喜欢生活方式，活出自我，谢谢大家']
['95782610290', '五妹', '']
['107789294732', '苏若希🌹', '']
['109103416369', '用户4006619125136', '']
['364650218662158', '张乔英', '']
['111426520360', '木子李（68年🐒🐒）', '六八年七月的猴🐒，热爱生活，爱健康，爱运动，喜欢交正能量的朋友🌹🌹']
['58663805066', '四川  杨 荣', '每天直播等你，你不来我不老，聪明的人都知道这是微信是什么yangrong9453']
['2458161558062308', '老钟', '']
['107967992108', '蓝雪儿', '']
['110836658476', '四川雷律师', '🇨🇳雷律师从事法律工作20年🇨🇳\n🇨🇳拥有精湛的法律知识🇨🇳\n🇨🇳帮助过成千上万的群众解决问题🏠👪😊🌹\n🇨🇳如需法律帮助请🇨🇳\n❤️联系vX:599280325❤️\n❤️提供四川话/普通话服务❤️\n❤️每晚21点直播与大家分享法律知识❤️']
['61404038997', '续缘艳子', '我叫小艳子，姓刘。来自贵州毕节，大方县大山乡。茫茫人海谢谢相遇，欢迎来我的家乡玩']
['637370782454708', '北京瑾瑜共创科技有限公司', '宋舒韵🌷🌴🍃💐\n关注智慧父母与亲子教育研究👨\u200d👩\u200d👧\n倡导终身学习、构建学习型家庭📚📝\n黎明演说发起者\n每天早上6:30🕡宋舒韵老师在线直播，带您一起早起打卡、练习演说、学习家庭教育、做理想的父母👏👏👏']
['64879426397', '彩儿', '每晚十点左右直播，白天下午不定时直播，欢迎来直播间🙏']
['101821380950', '小张（ 巧巧）', '笑看人生风雨路 ，淡泊平和心自安。']
['8391687416772', '西安市雁塔区靓欣美妆饰品店', '']
['2928707935153984', '❤️留物日', '传递正能量，从小做起']
['86132203659', '周国庆', '']
['73239554076', '廖九妹', '我来自四川内江，是一个喜欢唱伤感歌🎤曲的尬聊主播，喜欢交真诚的朋友！\n茫茫人海相遇抖音，是一种缘分，感谢抖音平台让我认识这么多五湖四海的兄弟姐妹，感谢大家对九妹的支持，爱你们❤️❤️❤️\n直播时间:\n白天不定时直播\n晚上:7点到9点']
['2519734053770423', '田老板正能量', '感谢大家的支持\n本名田静 \n传递正能量  \n赠人玫瑰 手留余香\n感恩遇见生活中的每一个人']
['64462492450', 'M💍S柠萌', 'M💍S手势舞战队 队员\n爱上手势舞记录生活开心就好！']
['107732835928', '水晶之恋', '只要开心快乐每一天']
['6584873485', '马帮主一哥', '🐴']
['98540645484', '✨红丹妮✨（人生家族）', '']
['53460149273', '飞龙在天', '']
['103585147269', '安心', '鸿安餐饮服务公司总经理']
['83617532881', '菜鸟网络', '我是菜鸟🐦\n菜鸟网络的菜鸟🐦\n菜鸟驿站的菜鸟🐦\n菜鸟裹裹的菜鸟🐦\n嘿嘿，关注我❤️ 你的快递我罩着📦']
['54702102042', '薇姐传播正能量', '']
['71351861369', '小七姐爱生活', '合作吾喂❤：七九四零四九二九八\n感谢官方支持，越努力越幸运。\n不忘初心，方得始终！']
['106579854073', '华都酒业', '隶属首农食品集团，北京首家国营酒厂，纯粮酿造，北派酱香。']
['103241997117', '燕子🐭🌹', '晚上7点半直播']
['3284995769383532', '香香语录', '传播正能量\n……\n感谢抖音，感谢你的关注']
['52409007260', '化蝶珠宝', '胡晨知名珠宝设计师，化蝶珠宝首席艺术总监。胡晨先生及其作品多次受邀参加了北京、上海、香港、曼谷、伦敦珠宝展。他主创的化蝶珠宝在业内享有良好的声誉，深受消费者喜爱，在中高端私人订制领域享有较高的品牌地位，是亚洲时尚盛典国际奢侈品品牌论坛和展播的主要奢侈品品牌 之一；入选参加中央一台“传家宝”和北京卫视“天下收藏”节目。 2014年上海电影节闭幕式颁奖礼上，大陶红作为颁奖嘉宾，佩戴的正是胡晨先生设计的翡翠套饰“蝶恋花”。他的作品时常被国内外时尚媒体收录报道。']
['110572318323', 'CC.护肤分享', '感谢抖音提供平台发扬正能量：从我做起\nCC：励志故事\n（看完也许你会哭）\n人在很']
['95988349538', '信阳烩面哥@传递正能量', '']
['223954895639511', '姚子朋', '我是一个坐轮椅的男人\n视频只是想记录自己的生活  记录自己的经历']
['558158097955476', '户外男神', '合作的➕：dwj19955']
['109605120078', '😜😜😜😜😜', '互相关注']
['1437775596891086', 'jj0101jj', '']
['101523971509', '于三姐', '关赞必回（拒绝私聊）于三姐的爱好，美食养生，爱好臭美，活出女人的风采，爱自己，爱家人和朋友。']
['101413171059', '魅力🔥男人《承蒙厚爱》', '关注一下啵😘\n我不是最好的，但是我是唯一的😍\n缘分让我认识了你\U0001f970\n感谢抖音，感恩有你陪伴😝\n每晚8点直播😎']
['2312987947836503', '新城双区百货', '感谢关注\n我会持续更新视频']
['104142541233', 'Ting   Liu', '']
['3258591021906875', '于千穗', '逆袭千穗 你值得拥有\n商务合作：gumai889（注明来意）']
['3795167201469389', '李丹丹ye', '我关注你了，不定时直播！\n❤️：dandan254784\n感谢抖音平台！感谢支持我喜欢我的粉丝们！']
['105212051202', '墨仔最棒的', '‼️苗条衣👗\n╭────────╮\n♥️:微信85022581\n╰────────╯']
['108219720430', '京城故事汇', '🙏感谢平台  感谢粉丝🙏\n如果喜欢点个❤加个关注\n每天都会更新   都是完整版😊']
['2326191667161595', '我是嘉嘉', '一个搞怪的美妆博主，和我一起逆袭吧\n工作:kaiguademao(注明来意）']
['2563663139439032', '毛毛.', '茫茫人海中 很高兴认识你\n你好👋 我叫毛毛\n每晚八点半 直播间等你\n希望我们可以做个愉快的小伙伴🍀']
['4270128858145651', '湖北燕子🎤', '红梅傲霜雪  春风惠人间\n   《每晚8点直播》\n承蒙厚爱❤ 感恩遇见🙏']
['751710854984093', '胖哥', '弘扬正气，传播正能量']
['3636772995085534', '王斌', '分享正能量，传递真善美，感谢大家的关注！                  \n\n\n合作V➕SWHZ999999(注明来意)']
['2686795361034670', '白雪', '❤️逆袭成功的美妆达人，做我粉丝我只宠粉❤️             ❤️八年专业研发护肤品，倡导科学健康护肤❤️\n      被模仿从未被超越，创新的路上永不止步\n                       以小看大，诚信天下               \n                                 感恩遇见                        \n\n❤️                  每晚六点开播送快乐                 ❤️']
['94226656532', '紫气东来🔱宝公子', '💕经典国际宝公子团队创始人💕拯救无数失业黄脸婆重拾自信，走出灿烂人生，传递正能量传播美是我的使命。感谢所有粉丝的喜欢💕没有颜值全靠实力……💕']
['3478507770876780', '冉宝宝', '作品持续更新，希望大家多多支持\n苗条衣＋V❤47096001']
['962820348314584', '我是千亿吖', '感恩所有的缘分，所有的遇见\n找我💗💗  hr00889']
['80803986188', '🌸是若凌小可爱哦🌸', '薇🌹🌹41886933']
['3825920848438200', '心心❤️', '谢谢关注❤️']
['4459211203294152', '萍儿姐正能量', '你既然认准一条道路，何必去打听要走多久。']
['98418633162', '兰姐', '都在说女人不要太强，都说女孩子不要太坚强，否则会没有人疼。可是谁又知道如果我不自立不自强不坚强，谁又能在我需要肩膀的时候给我温暖？很多时候，我不是真的要坚强，我是被迫在坚强。']
['910021398632942', '平安每一天', '感谢官方提供绿色平台，传递正义力量从你我做起！']
['3865495107812999', '晴妈。', '关注直播间哦！']
['676890088314381', '传递正义与力量', '感谢🙏抖音平台。感谢大家的支持']
['59199535642', '逍遥浪子', '']
['1257455019635647', '庚承展贸', '感谢官方\n感谢抖音']
['2088725170890189', '淡然若水', '乐观的人，牙齿掉光也不会老！']
['641727382160877', '阿五正能量', '感谢抖音,传递社会正能量']
['95189657163', '张姐', '']
['1525769476251949', '在 水 一 方', '抖音 记录美好人生']
['3808302675540285', '鼠年加油', '感谢美女帅哥的关注与支持🤝🤝']
['4265716188458687', '迎春花', '春暖花开，迎接明天更好！']
['1684081883483643', '硕弟要加油', '感谢抖音这么好的平台，支持正能量！']
['109161801068', '涵涵/い', '欢欢欢欢\u3000迎迎迎迎\u3000您的关注\n欢\u3000\u3000\u3000\u3000\u3000\u3000\u3000迎\u3000支\u3000\u3000持\n欢欢欢欢\u3000迎迎迎迎\u3000感\u3000\u3000恩\n\u3000\u3000\u3000欢\u3000迎\u3000\u3000\u3000\u3000谢\u3000\u3000谢\n欢欢欢欢\u3000迎迎迎迎\u3000帅哥靓女']
['2282199081825347', '红花', '']
['99702676684', '快乐奶奶。', '']
['505370652716551', '用户3259831245130', '船到桥头自然直，车到山前必有路…']
['2722016478901837', '三梅大药房！🇨🇳🌹🌹🌹🌹🌹', '河南省郑州市！']
['110172082987', '李子琪美食', '每天推荐不同的美食做法\n尝尽世界美味，感受舌尖上的中国！\n❣️ ISA168132 (注明来意)']
['3399333892328712', '泽泽有梦想0523', '每天早起散散步…']
['3496092486863501', '回忆里的美好', '就这样静静地想你～']
['514222459718365', '用户8059203796364', '']
['85694101929', '白露不太冷', '🏆国家一级外冷内热选手白露\n商务v：gumai889（注明来意）']
['4459235601556455', '初@晴', '感谢抖音官方！记录生活！感谢家人的陪伴，传播正能量，勿忘初心！']
['102751448004', '核艺匠心工作室', '感谢平台对我们手艺人的支持，让更多的朋友了解我的这门手艺。1️⃣5️⃣8️⃣6️⃣2️⃣4️⃣5️⃣0️⃣4️⃣4️⃣6️⃣']
['101611277085', '初一哥', '甘肃段子手']
['769281427768110', '桦子✨励志前行', '感谢平台，感谢你们的支持谢谢支持正能量。']
['103513089883', '李佳成超级ok', '感谢抖音 感谢关注\n作品持续更新中……']
['104485210571', '浪漫一生:888', '相识就是缘份👫🌻  让我们从这里开始认识吧👫！']
